setting_key,family,label,interval,horizon,n_signals,mean_atr,mean_bps,win_rate,signs_agree,blue_bars,mean_atr_BTCUSDT,mean_atr_ETHUSDT,mean_atr_SOLUSDT,rank_in_cell
"adx[length=7, threshold=15.0]",adx,"length=7, threshold=15.0",5m,1,2981,0.01580896512850817,0.41639200098265644,0.48406574974840655,False,0,-0.005384147782261001,0.04691363999827377,0.005188890982101841,13.0
"adx[length=7, threshold=15.0]",adx,"length=7, threshold=15.0",5m,3,2981,0.027285603437238536,0.2634469078454787,0.4968131499496813,True,0,0.024528466956454102,0.029170235254922423,0.02827515532718606,8.0
"adx[length=7, threshold=15.0]",adx,"length=7, threshold=15.0",5m,6,2981,0.04738342100269345,0.7665348774096191,0.4974840657497484,True,0,0.013604755139962142,0.06395015719029887,0.06666055389851976,12.0
"adx[length=7, threshold=15.0]",adx,"length=7, threshold=15.0",5m,12,2981,0.07308311445037262,1.0495296739221527,0.4981549815498155,True,0,0.08358770112542327,0.07738480529075854,0.05671972356954373,13.0
"adx[length=7, threshold=15.0]",adx,"length=7, threshold=15.0",5m,24,2981,0.04950854559228916,-0.5219600436878051,0.4854075813485408,True,0,0.02311687069240418,0.06675442863985404,0.05985157367106896,19.0
"adx[length=7, threshold=15.0]",adx,"length=7, threshold=15.0",5m,48,2981,0.0805265691989067,-0.107674259548997,0.48976853404897686,False,0,-0.006459156232668096,0.24467280390824586,-0.0030722227189130917,20.0
"adx[length=7, threshold=20.0]",adx,"length=7, threshold=20.0",5m,1,10553,0.004450347341451748,-0.005383473978691805,0.476262674121103,True,0,0.006819900388389898,0.001115185885972165,0.005351861337359199,27.0
"adx[length=7, threshold=20.0]",adx,"length=7, threshold=20.0",5m,3,10553,-0.010943180126064742,-0.37937595849337225,0.4751255567137307,True,0,-0.013837822449087543,-0.012334335052760242,-0.006656586418110252,32.0
"adx[length=7, threshold=20.0]",adx,"length=7, threshold=20.0",5m,6,10553,-0.04273631599827653,-0.9167480833181004,0.4741779588742538,True,0,-0.05574844429940479,-0.04715839705514563,-0.02527255497984675,51.0
"adx[length=7, threshold=20.0]",adx,"length=7, threshold=20.0",5m,12,10553,-0.006826735630320653,-0.22429220239847,0.48583341229981997,False,0,-0.05568427528582451,0.021761251749569603,0.014194614109950392,35.0
"adx[length=7, threshold=20.0]",adx,"length=7, threshold=20.0",5m,24,10553,-0.01112662901256702,-0.40952976006436204,0.4777788306642661,False,0,-0.03954061136758928,0.047630320423532164,-0.040434940100824754,43.0
"adx[length=7, threshold=20.0]",adx,"length=7, threshold=20.0",5m,48,10553,0.04822581256357439,1.2806838398667677,0.49275087652800154,False,0,-0.07952757369879297,0.1812551075852041,0.045742104430415466,25.0
"adx[length=7, threshold=25.0]",adx,"length=7, threshold=25.0",5m,1,16187,-0.006631665709099867,-0.21968113606451012,0.4601223203805523,False,0,-0.0023278531013499596,0.0014147454439951694,-0.018750121201254338,41.0
"adx[length=7, threshold=25.0]",adx,"length=7, threshold=25.0",5m,3,16187,-0.0334699708865802,-0.5760438809543666,0.459010316920986,True,0,-0.04937708612984541,-0.010915592490003663,-0.039369976669487404,48.0
"adx[length=7, threshold=25.0]",adx,"length=7, threshold=25.0",5m,6,16187,-0.02615511850511618,-0.3271485654262835,0.46413788842898623,False,0,-0.05591725832262361,0.0029114057623188007,-0.02446416958329087,47.0
"adx[length=7, threshold=25.0]",adx,"length=7, threshold=25.0",5m,12,16187,0.011749493389864469,-0.12666107918088612,0.47550503490455304,False,0,0.003348305691776911,0.050325823716102815,-0.01721318464127155,29.0
"adx[length=7, threshold=25.0]",adx,"length=7, threshold=25.0",5m,24,16187,0.017870826185859785,0.6265517894534712,0.474207697535059,False,0,-0.022843668887484205,0.1265795904407288,-0.04664723747923612,25.0
"adx[length=7, threshold=25.0]",adx,"length=7, threshold=25.0",5m,48,16185,0.04794003480384771,1.1995003800567698,0.48297806611059624,False,0,0.027656110532261663,0.17745476670743499,-0.057227671708467376,26.0
"adx[length=7, threshold=30.0]",adx,"length=7, threshold=30.0",5m,1,17171,-0.014367411911923967,-0.28934993438698453,0.45926271038378663,True,0,-0.023543763627447645,-0.005073024589945839,-0.01410819625338163,49.0
"adx[length=7, threshold=30.0]",adx,"length=7, threshold=30.0",5m,3,17171,-0.01965704717770186,-0.26793084428971553,0.4587385708461942,False,0,-0.04574459627945123,0.0013701670282639058,-0.013774330965840773,40.0
"adx[length=7, threshold=30.0]",adx,"length=7, threshold=30.0",5m,6,17171,-0.012557629323823868,0.152844909588132,0.46392172849571955,False,0,-0.06085681668088026,0.028525240550179243,-0.0037189594809695858,29.0
"adx[length=7, threshold=30.0]",adx,"length=7, threshold=30.0",5m,12,17171,0.024636800917796468,0.315408583307079,0.47521984741715684,False,0,-0.01298479954142735,0.04567313628276326,0.041977546893242734,26.0
"adx[length=7, threshold=30.0]",adx,"length=7, threshold=30.0",5m,24,17171,0.040365396394374004,0.921237561883059,0.4766175528507367,False,0,0.025668248164909417,0.11172811122802784,-0.013078156481869451,21.0
"adx[length=7, threshold=30.0]",adx,"length=7, threshold=30.0",5m,48,17169,0.0611275173981362,1.7948739244562653,0.4868076183819675,False,0,0.013800263762502254,0.20346260906478444,-0.027542748793493638,21.0
"adx[length=10, threshold=15.0]",adx,"length=10, threshold=15.0",5m,1,5037,0.006790528556383474,0.11480584752840504,0.4768711534643637,False,0,0.01071558245971179,0.014122995971281567,-0.004846616835401396,22.0
"adx[length=10, threshold=15.0]",adx,"length=10, threshold=15.0",5m,3,5037,-0.004443218982145719,-0.04332721770694307,0.4768711534643637,False,0,0.0036018488564783834,-0.01938689711806492,0.0016404200492881702,25.0
"adx[length=10, threshold=15.0]",adx,"length=10, threshold=15.0",5m,6,5037,-0.027308547626501922,-0.26711461172161055,0.4730990669049037,True,0,-0.019663458987574187,-0.01938347312553469,-0.043625948848724935,48.0
"adx[length=10, threshold=15.0]",adx,"length=10, threshold=15.0",5m,12,5037,-0.008064425476667865,0.14652820501468902,0.4844153265832837,False,0,-0.02972387983373697,0.02537574372071976,-0.01765937617806702,38.0
"adx[length=10, threshold=15.0]",adx,"length=10, threshold=15.0",5m,24,5037,-0.04058905749651746,-1.0957185874290352,0.4748858447488584,False,0,-0.0853809943397082,0.08611031174927761,-0.11790553013882339,50.0
"adx[length=10, threshold=15.0]",adx,"length=10, threshold=15.0",5m,48,5037,-0.0007076186125674576,0.06723878269843174,0.4860035735556879,False,0,-0.03843025266868414,0.21997493054773556,-0.17966094750435813,32.0
"adx[length=10, threshold=20.0]",adx,"length=10, threshold=20.0",5m,1,10398,-0.01290636694328185,-0.16476781621014935,0.45797268705520294,True,0,-0.0048960061282650605,-0.005450864980524274,-0.027819870650454603,48.0
"adx[length=10, threshold=20.0]",adx,"length=10, threshold=20.0",5m,3,10398,-0.033747855619771436,-0.5869779887403782,0.4547989998076553,False,0,-0.0609337339195735,0.0017293112750732535,-0.039962125018722025,49.0
"adx[length=10, threshold=20.0]",adx,"length=10, threshold=20.0",5m,6,10398,-0.048133963710673834,-0.987410034582571,0.4604731679169071,True,0,-0.08623485429769683,-0.0026885118197196604,-0.0528455746433132,55.0
"adx[length=10, threshold=20.0]",adx,"length=10, threshold=20.0",5m,12,10398,-0.007825982517794101,-0.4187059964376502,0.4705712637045586,False,0,-0.05322828708815876,0.05168731273803329,-0.018451045236190934,37.0
"adx[length=10, threshold=20.0]",adx,"length=10, threshold=20.0",5m,24,10398,-0.010237862165031274,-0.2207283976649697,0.4724947105212541,False,0,-0.0636170292036696,0.10340928223328419,-0.06356772656527927,42.0
"adx[length=10, threshold=20.0]",adx,"length=10, threshold=20.0",5m,48,10396,0.00655896114564161,0.48777910737960384,0.4828780300115429,False,0,-0.10054574349806483,0.188030912488611,-0.05689321466490364,30.0
"adx[length=10, threshold=25.0]",adx,"length=10, threshold=25.0",5m,1,11678,-0.012089683236230634,-0.14677964615347314,0.45658503168350745,False,0,-0.04121846587522316,0.004837480843710714,0.00036723006080409057,46.0
"adx[length=10, threshold=25.0]",adx,"length=10, threshold=25.0",5m,3,11678,-0.03024419335614927,-0.5410975347120275,0.45315978763486897,False,0,-0.08668731852636018,0.0018562478789637816,-0.005432277577605375,47.0
"adx[length=10, threshold=25.0]",adx,"length=10, threshold=25.0",5m,6,11678,-0.018807088346027498,-0.2235761978822487,0.459839013529714,False,0,-0.08450249096143975,0.017621674900438276,0.010971723673749387,41.0
"adx[length=10, threshold=25.0]",adx,"length=10, threshold=25.0",5m,12,11678,0.02695482854752694,0.01978924051828963,0.47020037677684534,False,0,-0.030693182478717808,0.046065723331502384,0.06547355113516055,24.0
"adx[length=10, threshold=25.0]",adx,"length=10, threshold=25.0",5m,24,11678,-0.002184144207735407,-0.6069927251708337,0.46934406576468574,False,0,0.009373684221027814,-0.01297412607368979,-0.0032015292582086127,31.0
"adx[length=10, threshold=25.0]",adx,"length=10, threshold=25.0",5m,48,11676,0.04904043832472927,0.9975465936246295,0.48150051387461457,False,0,-0.02986835698404015,0.14620026862902286,0.033352642052653175,24.0
"adx[length=10, threshold=30.0]",adx,"length=10, threshold=30.0",5m,1,10501,-0.015609494951478724,-0.42122788859219773,0.45481382725454716,False,0,-0.021709928710384352,-0.0326882868094642,0.007882679573960175,50.0
"adx[length=10, threshold=30.0]",adx,"length=10, threshold=30.0",5m,3,10501,-0.01917033849505264,-0.3027820122056169,0.4475764212932102,False,0,-0.0455883285813871,-0.02909558004946191,0.017295624910519704,39.0
"adx[length=10, threshold=30.0]",adx,"length=10, threshold=30.0",5m,6,10501,0.023330365494196228,0.06132171348072277,0.45576611751261786,False,0,-0.004237327251437983,0.027037172313445157,0.04704862996364374,17.0
"adx[length=10, threshold=30.0]",adx,"length=10, threshold=30.0",5m,12,10501,0.06864416369358604,0.4798851998964358,0.4684315779449576,True,0,0.043893974327045525,0.08853098659127245,0.0730607709442719,14.0
"adx[length=10, threshold=30.0]",adx,"length=10, threshold=30.0",5m,24,10501,0.10734338328138252,1.5591594032343483,0.4809065803256833,True,0,0.07409601943316375,0.11415878643838143,0.1335582057117139,14.0
"adx[length=10, threshold=30.0]",adx,"length=10, threshold=30.0",5m,48,10497,0.16482009099756792,3.168551973646436,0.48518624368867297,True,0,0.07294006200111079,0.2187916750953512,0.20146233642782527,13.0
"adx[length=14, threshold=15.0]",adx,"length=14, threshold=15.0",5m,1,6039,-0.01686936436754935,-0.380979460088746,0.45686371915880114,False,0,-0.009732201209574541,0.0036388710264980595,-0.04368543926800414,52.0
"adx[length=14, threshold=15.0]",adx,"length=14, threshold=15.0",5m,3,6039,-0.02859156517851261,-0.31715781591795356,0.45388309322735554,False,0,-0.05654490942837566,0.03749514767560361,-0.06193576165428139,45.0
"adx[length=14, threshold=15.0]",adx,"length=14, threshold=15.0",5m,6,6039,-0.035556166157949515,-0.7002711480611876,0.4672959099188607,False,0,-0.05881172062323631,0.057055277143374404,-0.09886193789135014,50.0
"adx[length=14, threshold=15.0]",adx,"length=14, threshold=15.0",5m,12,6039,-0.00898632322597309,-0.4207670975248868,0.47176684881602915,False,0,-0.017354075579327145,0.05757056728776024,-0.06317412308531074,41.0
"adx[length=14, threshold=15.0]",adx,"length=14, threshold=15.0",5m,24,6039,-0.08136040853753805,-1.4670334677632748,0.46348733233979134,True,0,-0.1128819268911804,-0.008049849421279365,-0.11781548312626183,57.0
"adx[length=14, threshold=15.0]",adx,"length=14, threshold=15.0",5m,48,6039,-0.08599685991196024,-0.9290357827482292,0.47656896837224705,False,0,-0.27511335791331537,0.18304517419084243,-0.14329655446171394,54.0
"adx[length=14, threshold=20.0]",adx,"length=14, threshold=20.0",5m,1,8129,-0.008597025868223179,-0.0667487977743764,0.462787550744249,False,0,-0.026460581479025164,-0.02331321717700673,0.023764428320981815,42.0
"adx[length=14, threshold=20.0]",adx,"length=14, threshold=20.0",5m,3,8129,-0.043126820740898256,-0.7246466081400509,0.45122401279370156,False,0,-0.06880707900424488,-0.06524515796924184,0.004320542700926268,53.0
"adx[length=14, threshold=20.0]",adx,"length=14, threshold=20.0",5m,6,8129,-0.021212639224789637,-0.32701220002604947,0.4598351580760241,False,0,-0.0730191645390924,-0.03316516758308272,0.04310768484054305,43.0
"adx[length=14, threshold=20.0]",adx,"length=14, threshold=20.0",5m,12,8129,0.049630670698748734,0.6268400104388537,0.4716447287489236,True,0,0.00888597485472529,0.05466376274784362,0.08634473922883731,19.0
"adx[length=14, threshold=20.0]",adx,"length=14, threshold=20.0",5m,24,8129,0.03314800062108988,0.030877515449516734,0.47484315413950057,True,0,0.03093598945709385,0.03355197008111818,0.03501554704292289,22.0
"adx[length=14, threshold=20.0]",adx,"length=14, threshold=20.0",5m,48,8127,0.05353050070576976,0.8151699542658789,0.48431155407899595,False,0,-0.07522075646303238,0.21748341972798937,0.027264218010886822,23.0
"adx[length=14, threshold=25.0]",adx,"length=14, threshold=25.0",5m,1,7470,-0.011502262237887988,-0.1561448123800438,0.4528781793842035,False,0,-0.02657032626615356,0.008110855084850668,-0.016561071641669905,45.0
"adx[length=14, threshold=25.0]",adx,"length=14, threshold=25.0",5m,3,7470,0.0014019327283548628,-0.013975693935005902,0.4568942436412316,False,0,-0.03627140811853716,0.007846540610397341,0.031755053295243946,16.0
"adx[length=14, threshold=25.0]",adx,"length=14, threshold=25.0",5m,6,7470,0.035958428566626184,-0.216454257886328,0.46037483266398926,True,0,0.03284808431780366,0.04434957880066242,0.030529884103391147,16.0
"adx[length=14, threshold=25.0]",adx,"length=14, threshold=25.0",5m,12,7470,0.03891037606281172,-1.1103574814158297,0.46157965194109773,True,0,0.022042845582518827,0.06259238164615752,0.03150421504778435,21.0
"adx[length=14, threshold=25.0]",adx,"length=14, threshold=25.0",5m,24,7470,0.08583021845906001,-0.15747452480480903,0.47483266398929047,True,0,0.11219007511615886,0.12603098133679458,0.01945304450439369,16.0
"adx[length=14, threshold=25.0]",adx,"length=14, threshold=25.0",5m,48,7467,0.1571639502657296,2.2117457949600303,0.48078210794160975,True,0,0.1773140478773874,0.14080259139434442,0.1539677596983032,14.0
"adx[length=14, threshold=30.0]",adx,"length=14, threshold=30.0",5m,1,5730,0.008066939163533932,-0.3111646124145807,0.4619546247818499,True,0,0.005269630889013235,0.0027968523898999776,0.01645394805447445,20.0
"adx[length=14, threshold=30.0]",adx,"length=14, threshold=30.0",5m,3,5730,0.01384503857288761,-0.6664717258394792,0.4493891797556719,True,0,0.017029778539297387,0.007808153962264839,0.01705988792919141,14.0
"adx[length=14, threshold=30.0]",adx,"length=14, threshold=30.0",5m,6,5730,0.03863073772140459,-0.4722243918405597,0.4570680628272251,True,0,0.030415637446620795,0.020309568707940526,0.0662773206842231,14.0
"adx[length=14, threshold=30.0]",adx,"length=14, threshold=30.0",5m,12,5730,0.12452563999333449,0.20982340542333422,0.4668411867364747,True,0,0.17947096754420097,0.07923751051407335,0.11757282937023643,10.0
"adx[length=14, threshold=30.0]",adx,"length=14, threshold=30.0",5m,24,5729,0.21866442437994518,2.831779491581196,0.47774480712166173,True,0,0.33471659028934775,0.1715973227058562,0.15252048326918924,5.0
"adx[length=14, threshold=30.0]",adx,"length=14, threshold=30.0",5m,48,5725,0.3012341786088531,6.56818101485023,0.48960698689956333,True,0,0.40204641021196497,0.29007619968246123,0.21230769923533213,5.0
"adx[length=20, threshold=15.0]",adx,"length=20, threshold=15.0",5m,1,5205,-0.023182095999614585,-0.44095960231577674,0.4520653218059558,True,0,-0.026211351812080043,-0.008490620528683416,-0.03364239692072665,56.0
"adx[length=20, threshold=15.0]",adx,"length=20, threshold=15.0",5m,3,5205,-0.037008138004472044,-0.5798175976154971,0.44245917387127764,True,0,-0.05235363701671419,-0.01869434408221359,-0.037759659387177735,51.0
"adx[length=20, threshold=15.0]",adx,"length=20, threshold=15.0",5m,6,5205,-0.014149687034763894,-0.1875285546189282,0.4547550432276657,True,0,-0.01361468380519133,-0.005679038983386188,-0.02260404595379841,34.0
"adx[length=20, threshold=15.0]",adx,"length=20, threshold=15.0",5m,12,5205,0.06601043650566793,0.9424375060363748,0.47569644572526415,False,0,0.11558046570123427,0.08289366054799571,-0.0023563165988402424,15.0
"adx[length=20, threshold=15.0]",adx,"length=20, threshold=15.0",5m,24,5205,0.07114404303000578,0.9211256898054204,0.48184438040345823,True,0,0.13656929767677614,0.05990808770472375,0.01211619158609943,17.0
"adx[length=20, threshold=15.0]",adx,"length=20, threshold=15.0",5m,48,5205,-0.02706700756481446,-0.17007899906325175,0.4812680115273775,False,0,-0.12339286018551356,0.10862730056763072,-0.051089569425652626,45.0
"adx[length=20, threshold=20.0]",adx,"length=20, threshold=20.0",5m,1,5401,-0.003311197493101669,-0.33676157023583314,0.46491390483243844,False,0,-0.002405674062166366,0.009650528683803537,-0.017030286834752315,38.0
"adx[length=20, threshold=20.0]",adx,"length=20, threshold=20.0",5m,3,5401,-0.03012647391415734,-1.2757738884726988,0.4491760785039807,False,0,0.006251973942735273,-0.014648159551555393,-0.08132012364367298,46.0
"adx[length=20, threshold=20.0]",adx,"length=20, threshold=20.0",5m,6,5401,-0.004581507230721831,-1.2657335997367314,0.4567672653212368,False,0,0.046248580619777706,-0.027780169432485537,-0.031755644937623534,24.0
"adx[length=20, threshold=20.0]",adx,"length=20, threshold=20.0",5m,12,5401,0.037840581555735636,-1.3686256446765581,0.4610257359748195,False,0,0.05488623149799807,0.06642064100339772,-0.007251154072171187,22.0
"adx[length=20, threshold=20.0]",adx,"length=20, threshold=20.0",5m,24,5401,0.04228461939380394,-1.0865054287262161,0.46324754675060176,False,0,0.11143004235859362,0.05106049165219227,-0.034592390899881496,20.0
"adx[length=20, threshold=20.0]",adx,"length=20, threshold=20.0",5m,48,5398,0.16490329504777798,3.0313012237581636,0.4814746202297147,True,0,0.21840664200417412,0.18941821833349565,0.0878791632931716,12.0
"adx[length=20, threshold=25.0]",adx,"length=20, threshold=25.0",5m,1,4126,-0.005499236406882733,-0.16291576212720613,0.4583131362094038,False,0,-0.010969119890179596,-0.015983785024492294,0.010674348513229334,40.0
"adx[length=20, threshold=25.0]",adx,"length=20, threshold=25.0",5m,3,4126,-0.004063089978659575,-1.0347249856648395,0.44134755210857973,False,0,-0.008376328071603377,-0.029199725022598336,0.026283433091460563,24.0
"adx[length=20, threshold=25.0]",adx,"length=20, threshold=25.0",5m,6,4126,0.0104551288952393,-1.2810144874037597,0.44643722733882696,False,0,-0.017608174056944734,0.0037783408812527785,0.04429795362257238,20.0
"adx[length=20, threshold=25.0]",adx,"length=20, threshold=25.0",5m,12,4126,0.11733404270970758,0.5600274155907474,0.4617062530295686,True,0,0.2006829567010848,0.03781073058134874,0.12043652261183325,11.0
"adx[length=20, threshold=25.0]",adx,"length=20, threshold=25.0",5m,24,4125,0.14641891966335738,2.2455387364057477,0.47733333333333333,True,0,0.1752929995024509,0.10534854222633844,0.16161647033713064,10.0
"adx[length=20, threshold=25.0]",adx,"length=20, threshold=25.0",5m,48,4123,0.2793411314177208,7.066674139952133,0.4947853504729566,True,0,0.3442541445424693,0.3300963382620205,0.16423360836091552,6.0
"adx[length=20, threshold=30.0]",adx,"length=20, threshold=30.0",5m,1,2822,0.018141960240726427,-0.045867865673339114,0.4712969525159461,False,0,0.00867036504220861,0.05039981259221997,-0.00742148717428985,10.0
"adx[length=20, threshold=30.0]",adx,"length=20, threshold=30.0",5m,3,2822,0.06942737748298161,1.3373759474115814,0.47058823529411764,True,0,0.05015850578104283,0.07058350620021808,0.08682798315378747,7.0
"adx[length=20, threshold=30.0]",adx,"length=20, threshold=30.0",5m,6,2822,0.11741909387056926,0.922573300965718,0.45357902197023386,True,0,0.12806821828111786,0.13881521574707498,0.08407972577022964,5.0
"adx[length=20, threshold=30.0]",adx,"length=20, threshold=30.0",5m,12,2821,0.21821487080917165,4.2484444836721185,0.4750088621056363,True,0,0.19721071751357228,0.2215731161098488,0.23490116265683203,4.0
"adx[length=20, threshold=30.0]",adx,"length=20, threshold=30.0",5m,24,2819,0.1919271325179105,4.199866090819515,0.4764100744945016,True,0,0.17547701938695087,0.2405646401950153,0.15547757119098438,6.0
"adx[length=20, threshold=30.0]",adx,"length=20, threshold=30.0",5m,48,2819,0.276452489581655,6.8485578271740986,0.48456899609790705,True,0,0.23618262989958244,0.33171198208279984,0.2559212587517366,7.0
"adx[length=28, threshold=15.0]",adx,"length=28, threshold=15.0",5m,1,3860,0.011025426744687284,0.09131580149357814,0.4603626943005181,False,0,-0.004504411054874345,-0.00021923835271929815,0.03829341503467179,17.0
"adx[length=28, threshold=15.0]",adx,"length=28, threshold=15.0",5m,3,3860,0.024634199613946285,0.5902724154827036,0.45906735751295336,False,0,0.07377305844209342,-0.0526044255966519,0.05037550917393397,9.0
"adx[length=28, threshold=15.0]",adx,"length=28, threshold=15.0",5m,6,3860,0.060658044404593915,1.0776541498175702,0.45155440414507775,True,0,0.060068167329810504,0.03443430104126136,0.08730817232484867,10.0
"adx[length=28, threshold=15.0]",adx,"length=28, threshold=15.0",5m,12,3860,0.1003551499018998,0.9391433751628326,0.466580310880829,True,0,0.1557250970709616,0.04478844965990965,0.09811666920785499,12.0
"adx[length=28, threshold=15.0]",adx,"length=28, threshold=15.0",5m,24,3860,0.18785755053123027,3.349178864801307,0.49248704663212434,True,0,0.2207047081804156,0.17679640100472446,0.16478161559909202,8.0
"adx[length=28, threshold=15.0]",adx,"length=28, threshold=15.0",5m,48,3860,0.257072582096246,5.694984738093164,0.4976683937823834,True,0,0.2545789383676979,0.42884637263688996,0.08909790260762557,10.0
"adx[length=28, threshold=20.0]",adx,"length=28, threshold=20.0",5m,1,3281,0.01559580752746008,0.3912171150418436,0.4678451691557452,True,0,0.00034859862387140846,0.020239940714073607,0.0256725594113203,15.0
"adx[length=28, threshold=20.0]",adx,"length=28, threshold=20.0",5m,3,3281,0.0153216555457009,0.414604519360796,0.452301127704968,False,0,-0.05638551389436294,0.052098636999942,0.047297409135758126,13.0
"adx[length=28, threshold=20.0]",adx,"length=28, threshold=20.0",5m,6,3281,0.08032723537623673,0.35021562657783306,0.46296860713197197,True,0,0.10529387243743335,0.025232274963620873,0.11284091419520305,6.0
"adx[length=28, threshold=20.0]",adx,"length=28, threshold=20.0",5m,12,3281,0.15212811673407992,1.490667536658954,0.47180737580006094,True,0,0.25222254418074685,0.085573461867102,0.1232005920566862,7.0
"adx[length=28, threshold=20.0]",adx,"length=28, threshold=20.0",5m,24,3280,0.13617441578536144,2.034627648344934,0.4768292682926829,True,0,0.21150090043456699,0.13836996177566344,0.06051516925265242,11.0
"adx[length=28, threshold=20.0]",adx,"length=28, threshold=20.0",5m,48,3278,0.2622195830422633,6.368186306333681,0.48749237339841367,True,0,0.4061965549031475,0.30231195918666276,0.08042926721605301,9.0
"adx[length=28, threshold=25.0]",adx,"length=28, threshold=25.0",5m,1,2233,0.03560849358599793,0.30820133460582333,0.47469771607702643,True,0,0.05861704613448512,0.02640985252947667,0.02354251540754929,5.0
"adx[length=28, threshold=25.0]",adx,"length=28, threshold=25.0",5m,3,2233,0.11066939029516326,1.9307940928262293,0.4863412449619346,True,0,0.17692177281982724,0.09188570949408038,0.06779776681597868,4.0
"adx[length=28, threshold=25.0]",adx,"length=28, threshold=25.0",5m,6,2233,0.13703384037031757,2.087357503658716,0.4867890729959696,True,0,0.1771568450975486,0.12860339945925045,0.10796300809507174,1.0
"adx[length=28, threshold=25.0]",adx,"length=28, threshold=25.0",5m,12,2231,0.19987438188078138,3.6100509910797838,0.48363962348722545,True,0,0.2008191045179542,0.3041602146263022,0.08893874579860367,5.0
"adx[length=28, threshold=25.0]",adx,"length=28, threshold=25.0",5m,24,2231,0.187289514585845,4.075410801592141,0.48363962348722545,True,0,0.1188646994373957,0.36365086469419955,0.06602944914783469,9.0
"adx[length=28, threshold=25.0]",adx,"length=28, threshold=25.0",5m,48,2231,0.2764337883743071,4.68306566982818,0.4782608695652174,False,0,0.44825846248607687,0.39880360424037375,-0.015494214605076712,8.0
"adx[length=28, threshold=30.0]",adx,"length=28, threshold=30.0",5m,1,1346,0.01571242803016,-0.17609622745164155,0.49257057949479943,False,0,0.08731527917684118,0.025841249964790904,-0.061927260638611294,14.0
"adx[length=28, threshold=30.0]",adx,"length=28, threshold=30.0",5m,3,1346,0.09454921312926004,0.8854634831053444,0.48811292719167904,False,0,0.1374710790562987,0.1766461052159676,-0.03892685868845726,5.0
"adx[length=28, threshold=30.0]",adx,"length=28, threshold=30.0",5m,6,1346,0.12988946035869114,2.3409830897187778,0.47622585438335807,True,0,0.04782774647324967,0.2387062027645867,0.08116278481391714,3.0
"adx[length=28, threshold=30.0]",adx,"length=28, threshold=30.0",5m,12,1346,0.15143905507287486,3.1449012892617065,0.4836552748885587,False,0,-0.02260971335809685,0.28748910903658675,0.15643364305638335,9.0
"adx[length=28, threshold=30.0]",adx,"length=28, threshold=30.0",5m,24,1346,0.12665795861975884,2.735653831717073,0.46433878157503716,True,0,0.013184658986696858,0.238434806485503,0.10352517666710853,13.0
"adx[length=28, threshold=30.0]",adx,"length=28, threshold=30.0",5m,48,1346,0.2324763681414405,5.877511539649201,0.4769687964338782,True,0,0.17349124246640107,0.3736619224797274,0.1254463627213286,11.0
"wavetrend[n1=6, n2=12, mode=all]",wavetrend,"n1=6, n2=12, mode=all",5m,1,86865,0.0057642563961425464,0.15133131128691105,0.4938352616128475,True,0,0.0030269727579512132,0.006705388988573401,0.007556657226961654,23.0
"wavetrend[n1=6, n2=12, mode=all]",wavetrend,"n1=6, n2=12, mode=all",5m,3,86862,-0.0013307969653941951,-0.021385174090227062,0.49395593009601435,False,0,-0.0012730555864110921,0.0031511513207796117,-0.005884725630457628,20.0
"wavetrend[n1=6, n2=12, mode=all]",wavetrend,"n1=6, n2=12, mode=all",5m,6,86862,-0.007757532662763216,0.035796304365076116,0.4930809790241993,True,0,-0.0105558306676423,-0.002702235443521548,-0.010031384318811802,26.0
"wavetrend[n1=6, n2=12, mode=all]",wavetrend,"n1=6, n2=12, mode=all",5m,12,86858,-0.00978545949489979,-0.15546697792845993,0.491929355960303,True,0,-0.012140634347735204,-0.007965265547633207,-0.00925690108487326,42.0
"wavetrend[n1=6, n2=12, mode=all]",wavetrend,"n1=6, n2=12, mode=all",5m,24,86849,-0.006743022474995308,-0.08750690570211106,0.49484737878386625,True,0,-0.011427052541220596,-0.0006547564967869747,-0.008168342348199669,37.0
"wavetrend[n1=6, n2=12, mode=all]",wavetrend,"n1=6, n2=12, mode=all",5m,48,86833,-0.013491019338464492,-0.297992921290609,0.4973339628942913,True,0,-0.0241489161442513,-0.00832728147879863,-0.008015858792469526,37.0
"wavetrend[n1=6, n2=12, mode=zone]",wavetrend,"n1=6, n2=12, mode=zone",5m,1,10888,-0.0009025159791034657,0.14771037609281695,0.5156135194709772,False,0,-0.020227839573939126,-0.0024940289211254087,0.018757145799438747,36.0
"wavetrend[n1=6, n2=12, mode=zone]",wavetrend,"n1=6, n2=12, mode=zone",5m,3,10888,-0.012093170868650433,0.11361392926778047,0.5331557678177811,False,0,0.017392801527200137,-0.04769164695454128,-0.006227124857247343,35.0
"wavetrend[n1=6, n2=12, mode=zone]",wavetrend,"n1=6, n2=12, mode=zone",5m,6,10888,-0.030672846750569728,0.39320337638581904,0.529757531227039,True,0,-0.00212105526052194,-0.08091506236191365,-0.010118845159511336,49.0
"wavetrend[n1=6, n2=12, mode=zone]",wavetrend,"n1=6, n2=12, mode=zone",5m,12,10886,-0.025935782799621786,0.6381182050754677,0.5248943597280912,False,0,0.0033522099441507577,-0.12785114666982303,0.04264936669564778,52.0
"wavetrend[n1=6, n2=12, mode=zone]",wavetrend,"n1=6, n2=12, mode=zone",5m,24,10884,0.010032367932641275,1.3217130275258862,0.5272877618522602,False,0,0.06753326096972745,-0.14052367719402128,0.0980184324020177,27.0
"wavetrend[n1=6, n2=12, mode=zone]",wavetrend,"n1=6, n2=12, mode=zone",5m,48,10881,-0.047629776781601164,-1.4220981923257463,0.5210918114143921,False,0,0.05173980863305343,-0.25995874617931075,0.059186057686948776,48.0
"wavetrend[n1=6, n2=21, mode=all]",wavetrend,"n1=6, n2=21, mode=all",5m,1,79265,0.007469710774040154,0.1766604632518416,0.4956790512836687,True,0,0.013677414300072636,0.00580811293158807,0.0029895984776179513,21.0
"wavetrend[n1=6, n2=21, mode=all]",wavetrend,"n1=6, n2=21, mode=all",5m,3,79264,-5.156486502814253e-05,0.01802383883718906,0.4944489301574485,False,0,0.006223318827485906,0.0019601564868742044,-0.008300967439784972,17.0
"wavetrend[n1=6, n2=21, mode=all]",wavetrend,"n1=6, n2=21, mode=all",5m,6,79264,-0.006661795555569791,0.04475712330734024,0.4929602341542188,True,0,-0.003958759328822096,-0.004443405793754867,-0.011577938176811953,25.0
"wavetrend[n1=6, n2=21, mode=all]",wavetrend,"n1=6, n2=21, mode=all",5m,12,79260,-0.006116836534727307,-0.13316324687310718,0.49337623012869036,False,0,0.0001593862370949581,-0.008664654891309048,-0.009771929288169647,34.0
"wavetrend[n1=6, n2=21, mode=all]",wavetrend,"n1=6, n2=21, mode=all",5m,24,79249,-0.0049915604458416855,-0.07626236819405119,0.4949715453822761,False,0,-0.006575912644344501,0.0004616562115508087,-0.008917910598843544,34.0
"wavetrend[n1=6, n2=21, mode=all]",wavetrend,"n1=6, n2=21, mode=all",5m,48,79239,-0.008944465654206193,-0.26201246821515317,0.49663675715241234,True,0,-0.012662646287143487,-0.00649522303010458,-0.007726804287706985,33.0
"wavetrend[n1=6, n2=21, mode=zone]",wavetrend,"n1=6, n2=21, mode=zone",5m,1,3742,0.0034884620704241677,-0.14881001349073117,0.5058792089791555,False,0,0.03248001701835111,0.0002014330491654965,-0.020869898954304196,31.0
"wavetrend[n1=6, n2=21, mode=zone]",wavetrend,"n1=6, n2=21, mode=zone",5m,3,3742,-0.036421918601517694,-0.8315259671994594,0.5293960448957776,False,0,0.045957235325180874,-0.06436351935039712,-0.08836304239442913,50.0
"wavetrend[n1=6, n2=21, mode=zone]",wavetrend,"n1=6, n2=21, mode=zone",5m,6,3742,-0.06993004868798541,-0.931851613286876,0.5245857830037414,True,0,-0.000176460137829325,-0.1090709320873718,-0.09953476410686717,59.0
"wavetrend[n1=6, n2=21, mode=zone]",wavetrend,"n1=6, n2=21, mode=zone",5m,12,3741,-0.0676355376263293,-1.4220414497196734,0.529270248596632,False,0,0.061883268175038995,-0.16219842087166025,-0.1023097298614401,59.0
"wavetrend[n1=6, n2=21, mode=zone]",wavetrend,"n1=6, n2=21, mode=zone",5m,24,3738,-0.03132484340513007,-0.11988234597250277,0.5259497057249867,False,0,0.14577185285990177,-0.16647278554342818,-0.07339893512859057,48.0
"wavetrend[n1=6, n2=21, mode=zone]",wavetrend,"n1=6, n2=21, mode=zone",5m,48,3738,-0.10030756107346249,-3.2565195801005307,0.5251471375066881,False,0,0.08513344805658415,-0.2360881234903646,-0.14970600658737077,56.0
"wavetrend[n1=6, n2=34, mode=all]",wavetrend,"n1=6, n2=34, mode=all",5m,1,74850,0.004625600633906052,0.1109352785611295,0.4921442885771543,True,0,0.011218395285117862,0.0022414927103315656,0.000483694999795353,25.0
"wavetrend[n1=6, n2=34, mode=all]",wavetrend,"n1=6, n2=34, mode=all",5m,3,74850,-0.005581308193354232,-0.11817905244425644,0.4908884435537742,False,0,-0.005053669204774335,0.001887240208904015,-0.01363048334363323,27.0
"wavetrend[n1=6, n2=34, mode=all]",wavetrend,"n1=6, n2=34, mode=all",5m,6,74850,-0.013131735041882373,-0.10259580363855367,0.49179692718770873,True,0,-0.014634483278348076,-0.00882841580099674,-0.015976162721437703,30.0
"wavetrend[n1=6, n2=34, mode=all]",wavetrend,"n1=6, n2=34, mode=all",5m,12,74846,-0.010924938652329982,-0.257519295234039,0.4923175587205729,True,0,-0.008117317060328774,-0.010829047101114452,-0.013808589714850262,45.0
"wavetrend[n1=6, n2=34, mode=all]",wavetrend,"n1=6, n2=34, mode=all",5m,24,74837,-0.008500875800912126,-0.14069011537652795,0.4931651455830672,False,0,-0.01697236819519276,0.00026927377084103504,-0.008928889365373574,39.0
"wavetrend[n1=6, n2=34, mode=all]",wavetrend,"n1=6, n2=34, mode=all",5m,48,74833,-0.01638679442372689,-0.45153663752047074,0.4956369516122566,True,0,-0.023479176301003702,-0.013106757429771377,-0.012651417982954395,40.0
"wavetrend[n1=6, n2=34, mode=zone]",wavetrend,"n1=6, n2=34, mode=zone",5m,1,875,-0.021447645617220127,-1.865982680948194,0.49942857142857144,False,0,0.0764291753443535,-0.053803937549446144,-0.0859556196218816,54.0
"wavetrend[n1=6, n2=34, mode=zone]",wavetrend,"n1=6, n2=34, mode=zone",5m,3,875,-0.10431659427263998,-2.561627221737114,0.496,True,0,-0.10605806498527673,-0.10250489475101546,-0.10446966417043574,63.0
"wavetrend[n1=6, n2=34, mode=zone]",wavetrend,"n1=6, n2=34, mode=zone",5m,6,875,-0.1372725164483161,-2.0613274897834115,0.5085714285714286,True,0,-0.16465525887359755,-0.07193169446413762,-0.17846607448592675,64.0
"wavetrend[n1=6, n2=34, mode=zone]",wavetrend,"n1=6, n2=34, mode=zone",5m,12,874,-0.10288371513933475,-2.0239540936838023,0.5274599542334096,True,0,-0.10540662717501394,-0.10733078319393602,-0.09563751811929744,62.0
"wavetrend[n1=6, n2=34, mode=zone]",wavetrend,"n1=6, n2=34, mode=zone",5m,24,874,-0.24560819264011877,-4.847397981004784,0.5183066361556065,True,0,-0.27264781741642735,-0.13459868041318718,-0.3355255654286433,63.0
"wavetrend[n1=6, n2=34, mode=zone]",wavetrend,"n1=6, n2=34, mode=zone",5m,48,874,-0.38171728202026933,-7.393260175118674,0.5331807780320366,True,0,-0.7144696417076669,-0.09501926348894509,-0.34825561180257875,64.0
"wavetrend[n1=10, n2=12, mode=all]",wavetrend,"n1=10, n2=12, mode=all",5m,1,75121,0.005603036750689005,0.1560660603890463,0.49304455478494696,True,0,0.007928574263824354,0.0006154661619334999,0.00828857689677692,24.0
"wavetrend[n1=10, n2=12, mode=all]",wavetrend,"n1=10, n2=12, mode=all",5m,3,75120,-0.001385525299225966,0.0077297644394686985,0.49382321618743347,False,0,-0.0008769480863680596,0.003033509176043167,-0.0063379674501952595,21.0
"wavetrend[n1=10, n2=12, mode=all]",wavetrend,"n1=10, n2=12, mode=all",5m,6,75120,-0.00919126655478228,0.026089824659789554,0.49306443024494145,True,0,-0.010242737754630268,-0.0063391117740512004,-0.011005877649258566,28.0
"wavetrend[n1=10, n2=12, mode=all]",wavetrend,"n1=10, n2=12, mode=all",5m,12,75115,-0.008076359311627718,-0.15935539270951232,0.4926046728349864,True,0,-0.006757976509009865,-0.007841629143321404,-0.00963276518005218,39.0
"wavetrend[n1=10, n2=12, mode=all]",wavetrend,"n1=10, n2=12, mode=all",5m,24,75107,-0.005022283173260053,-0.0002410281797225495,0.49453446416445873,False,0,-0.016051670553903444,0.004329767382747446,-0.003379837098364511,35.0
"wavetrend[n1=10, n2=12, mode=all]",wavetrend,"n1=10, n2=12, mode=all",5m,48,75091,-0.013168359653543751,-0.33031520615053084,0.4973565407305802,True,0,-0.01999845848622185,-0.012031013690503894,-0.0074709513752150986,35.0
"wavetrend[n1=10, n2=12, mode=zone]",wavetrend,"n1=10, n2=12, mode=zone",5m,1,17837,-0.002438605047955668,-0.13332521630722402,0.5101194146997814,False,0,-0.0011200577622707427,-0.009320609442585077,0.0029280143785131644,37.0
"wavetrend[n1=10, n2=12, mode=zone]",wavetrend,"n1=10, n2=12, mode=zone",5m,3,17837,-0.011024196850714034,-0.06072033970975129,0.5207714301732355,False,0,0.0023494880348485783,-0.019954331528020706,-0.015530169261433416,33.0
"wavetrend[n1=10, n2=12, mode=zone]",wavetrend,"n1=10, n2=12, mode=zone",5m,6,17837,-0.04342282224434638,-0.4338443794132983,0.5168470034198576,True,0,-0.0171844792092827,-0.0740636131414095,-0.039559708744208576,52.0
"wavetrend[n1=10, n2=12, mode=zone]",wavetrend,"n1=10, n2=12, mode=zone",5m,12,17834,-0.04073416679785597,-0.4082204733020997,0.5175507457665134,False,0,-0.007358351327002551,-0.12512919425360872,0.008155574196573454,57.0
"wavetrend[n1=10, n2=12, mode=zone]",wavetrend,"n1=10, n2=12, mode=zone",5m,24,17830,-0.027816319620999702,-0.088110565113626,0.5180033651149748,False,0,-0.005696927890179807,-0.17579100380846568,0.09372219387894859,46.0
"wavetrend[n1=10, n2=12, mode=zone]",wavetrend,"n1=10, n2=12, mode=zone",5m,48,17826,-0.08552057021048427,-2.3761947142570685,0.5160439807023449,False,0,-0.013969550677127726,-0.25082388880129936,0.00415215200760522,53.0
"wavetrend[n1=10, n2=21, mode=all]",wavetrend,"n1=10, n2=21, mode=all",5m,1,68102,0.004096006288857958,0.07109884393260672,0.4913512084813956,False,0,0.009185554789405703,0.005528066882945604,-0.0023883084741320683,29.0
"wavetrend[n1=10, n2=21, mode=all]",wavetrend,"n1=10, n2=21, mode=all",5m,3,68102,-0.004765750247177389,-0.095156591058609,0.49207071745323194,False,0,-0.003963499178816573,0.002101560249816511,-0.012451632174785595,26.0
"wavetrend[n1=10, n2=21, mode=all]",wavetrend,"n1=10, n2=21, mode=all",5m,6,68102,-0.01672729583362268,-0.12471294556426578,0.4930545358432939,True,0,-0.02226746399597156,-0.010590395654985027,-0.017390346612691746,35.0
"wavetrend[n1=10, n2=21, mode=all]",wavetrend,"n1=10, n2=21, mode=all",5m,12,68098,-0.010808309066462766,-0.26331407789940153,0.49337719169432287,True,0,-0.010134386308868934,-0.010913507940550517,-0.011371133765020976,44.0
"wavetrend[n1=10, n2=21, mode=all]",wavetrend,"n1=10, n2=21, mode=all",5m,24,68089,-0.004492427465482036,-0.0011933469131530778,0.4940445593267635,False,0,-0.01596084541965881,0.007348235765878873,-0.005000142513810802,33.0
"wavetrend[n1=10, n2=21, mode=all]",wavetrend,"n1=10, n2=21, mode=all",5m,48,68083,-0.013942307955446171,-0.40726162132062105,0.4960709721957023,True,0,-0.023843141998645487,-0.00831952769863213,-0.009765434656507692,39.0
"wavetrend[n1=10, n2=21, mode=zone]",wavetrend,"n1=10, n2=21, mode=zone",5m,1,9370,0.009662741744439615,0.11609242425458385,0.5171824973319104,False,0,0.035892541983887714,0.012909637193234277,-0.018443101490254396,18.0
"wavetrend[n1=10, n2=21, mode=zone]",wavetrend,"n1=10, n2=21, mode=zone",5m,3,9370,-0.020652181450017796,-0.15511366860946302,0.5252934898612593,False,0,0.0077773673589323754,-0.026726704363811908,-0.041964908739158605,41.0
"wavetrend[n1=10, n2=21, mode=zone]",wavetrend,"n1=10, n2=21, mode=zone",5m,6,9370,-0.05608526480103032,-0.5879014448383689,0.5210245464247599,True,0,-0.012081125995896329,-0.08468219684844115,-0.07076653983498495,57.0
"wavetrend[n1=10, n2=21, mode=zone]",wavetrend,"n1=10, n2=21, mode=zone",5m,12,9367,-0.031281459150868524,-0.2692775510714563,0.5281306715063521,False,0,0.020723971175556893,-0.11035828083950446,-0.00544583187389793,53.0
"wavetrend[n1=10, n2=21, mode=zone]",wavetrend,"n1=10, n2=21, mode=zone",5m,24,9363,-0.009149856058780818,0.04235081655048836,0.5182099754352237,False,0,0.032155804281418086,-0.13249212695247123,0.06912895551906581,40.0
"wavetrend[n1=10, n2=21, mode=zone]",wavetrend,"n1=10, n2=21, mode=zone",5m,48,9363,-0.09619231764338101,-3.0918506991950268,0.5163943180604507,True,0,-0.039792309858828874,-0.2185819933019534,-0.03321819971891679,55.0
"wavetrend[n1=10, n2=34, mode=all]",wavetrend,"n1=10, n2=34, mode=all",5m,1,63368,0.0018271487455682627,-0.01424767862611655,0.48919012750915286,False,0,0.008559699336861765,0.0022086460333919705,-0.005197144457077559,34.0
"wavetrend[n1=10, n2=34, mode=all]",wavetrend,"n1=10, n2=34, mode=all",5m,3,63368,-0.011250488452102681,-0.29540603676510435,0.4903421285191264,True,0,-0.008914268057163232,-0.00267209032285783,-0.02215786784310471,34.0
"wavetrend[n1=10, n2=34, mode=all]",wavetrend,"n1=10, n2=34, mode=all",5m,6,63368,-0.01837295361318187,-0.22901795012740228,0.49108382779952026,True,0,-0.021870925662233903,-0.012449143361839495,-0.02086275297318093,39.0
"wavetrend[n1=10, n2=34, mode=all]",wavetrend,"n1=10, n2=34, mode=all",5m,12,63364,-0.010649387404215479,-0.32392730954636956,0.49220377501420365,True,0,-0.009627269177378323,-0.00836246029200574,-0.013951270960812672,43.0
"wavetrend[n1=10, n2=34, mode=all]",wavetrend,"n1=10, n2=34, mode=all",5m,24,63357,-0.0072993606577493675,-0.17959502586220127,0.4928421484603122,False,0,-0.016861484431859662,0.005495571985114126,-0.010697157981313292,38.0
"wavetrend[n1=10, n2=34, mode=all]",wavetrend,"n1=10, n2=34, mode=all",5m,48,63355,-0.018733149143435025,-0.5733727811767269,0.49558835135348434,True,0,-0.028499806961062645,-0.011787545082878702,-0.016063042305548593,42.0
"wavetrend[n1=10, n2=34, mode=zone]",wavetrend,"n1=10, n2=34, mode=zone",5m,1,3946,-0.02172617194808132,-1.0255802079213645,0.5131779016725798,True,0,-0.0034562059656137525,-0.017878015751467136,-0.042532315763811925,55.0
"wavetrend[n1=10, n2=34, mode=zone]",wavetrend,"n1=10, n2=34, mode=zone",5m,3,3946,-0.0732710868738708,-1.7182206748404019,0.5101368474404461,True,0,-0.06481804198955607,-0.06462304298848796,-0.08940343980951884,59.0
"wavetrend[n1=10, n2=34, mode=zone]",wavetrend,"n1=10, n2=34, mode=zone",5m,6,3946,-0.10791454109723687,-2.318332604651767,0.5035478966041561,True,0,-0.06157024420159344,-0.13750350490867713,-0.12341444532415066,63.0
"wavetrend[n1=10, n2=34, mode=zone]",wavetrend,"n1=10, n2=34, mode=zone",5m,12,3945,-0.10065727855750242,-2.975209502470786,0.5171102661596958,False,0,0.032377932306988634,-0.23069207629588043,-0.10243044669718537,61.0
"wavetrend[n1=10, n2=34, mode=zone]",wavetrend,"n1=10, n2=34, mode=zone",5m,24,3943,-0.05785933789100296,-1.8807498644975509,0.5158508749682983,False,0,0.08257342459369335,-0.24833036632957742,-0.009219810913287505,52.0
"wavetrend[n1=10, n2=34, mode=zone]",wavetrend,"n1=10, n2=34, mode=zone",5m,48,3943,-0.10517514130494897,-3.7035343382565054,0.5181334009637332,True,0,-0.01370780192654279,-0.27619400731647253,-0.028910208956672217,57.0
"wavetrend[n1=15, n2=12, mode=all]",wavetrend,"n1=15, n2=12, mode=all",5m,1,67482,0.0038882610055839483,0.05276781852016241,0.4934056489137844,True,0,0.0035575590677442742,0.003801909002095077,0.004306349321256016,30.0
"wavetrend[n1=15, n2=12, mode=all]",wavetrend,"n1=15, n2=12, mode=all",5m,3,67482,-0.002356922614210717,-0.04026950087478732,0.4919682285646543,False,0,-0.00482387146055521,0.0059231851154026086,-0.008205308720044675,22.0
"wavetrend[n1=15, n2=12, mode=all]",wavetrend,"n1=15, n2=12, mode=all",5m,6,67482,-0.013207844691314538,-0.0445677238621204,0.49318336741649627,True,0,-0.01579517461116963,-0.005419899202457864,-0.01844109393774272,31.0
"wavetrend[n1=15, n2=12, mode=all]",wavetrend,"n1=15, n2=12, mode=all",5m,12,67477,-0.007197438928698762,-0.1712743245773599,0.4933829304800154,True,0,-0.0074633431507500165,-0.003052084087377662,-0.011096525752423557,36.0
"wavetrend[n1=15, n2=12, mode=all]",wavetrend,"n1=15, n2=12, mode=all",5m,24,67469,-0.005662784917598864,-0.006235224131132513,0.4941973350724036,False,0,-0.021420701798150293,0.005980053597883399,-0.0015752870921134636,36.0
"wavetrend[n1=15, n2=12, mode=all]",wavetrend,"n1=15, n2=12, mode=all",5m,48,67461,-0.013189387774580187,-0.34472890996111366,0.49624227331347,True,0,-0.025489805426802473,-0.009301051113873783,-0.004772594294956492,36.0
"wavetrend[n1=15, n2=12, mode=zone]",wavetrend,"n1=15, n2=12, mode=zone",5m,1,20295,0.0042282896830742435,0.09287718331078751,0.5144616900714462,False,0,0.004189974409031699,-0.0008714738467908025,0.009211984600573018,28.0
"wavetrend[n1=15, n2=12, mode=zone]",wavetrend,"n1=15, n2=12, mode=zone",5m,3,20295,-0.00010883097738807146,0.2655948853426917,0.5198324710519833,False,0,-0.0014635927154893246,-0.003133765708863317,0.004170540515165507,18.0
"wavetrend[n1=15, n2=12, mode=zone]",wavetrend,"n1=15, n2=12, mode=zone",5m,6,20295,-0.023738841213764725,0.022812503687016355,0.5207193890120719,True,0,-0.01739599719011262,-0.03457669758674882,-0.019529711225090257,45.0
"wavetrend[n1=15, n2=12, mode=zone]",wavetrend,"n1=15, n2=12, mode=zone",5m,12,20292,-0.01824283717655712,0.1434772970199494,0.5228661541494185,False,0,-0.013979572996560564,-0.05738747819191931,0.015483298157336515,48.0
"wavetrend[n1=15, n2=12, mode=zone]",wavetrend,"n1=15, n2=12, mode=zone",5m,24,20287,-0.0026685532522310353,0.3958102476787682,0.5226992655395081,False,0,-0.016457813435280043,-0.08207814743629917,0.08805018234331805,32.0
"wavetrend[n1=15, n2=12, mode=zone]",wavetrend,"n1=15, n2=12, mode=zone",5m,48,20284,-0.055984372764695194,-1.489322766337301,0.5192269769276276,False,0,-0.04293737009245927,-0.17173481164298232,0.04333393502885699,49.0
"wavetrend[n1=15, n2=21, mode=all]",wavetrend,"n1=15, n2=21, mode=all",5m,1,60134,0.004556239110255303,0.07170731806186516,0.49191804968902786,False,0,0.009063987986236656,0.006182326511934902,-0.0015653248638028091,26.0
"wavetrend[n1=15, n2=21, mode=all]",wavetrend,"n1=15, n2=21, mode=all",5m,3,60134,-0.007012223627305155,-0.171804974360869,0.4926331193667476,True,0,-0.003911397515854158,-0.0007351283930939804,-0.01641414334531538,29.0
"wavetrend[n1=15, n2=21, mode=all]",wavetrend,"n1=15, n2=21, mode=all",5m,6,60134,-0.01982732546126606,-0.19650263326470957,0.49366415006485515,True,0,-0.028870801182472546,-0.015758455821461455,-0.014923443334083396,42.0
"wavetrend[n1=15, n2=21, mode=all]",wavetrend,"n1=15, n2=21, mode=all",5m,12,60129,-0.008596009604037275,-0.21107633906880247,0.4933725822814283,True,0,-0.010870000158985493,-0.007404228871586815,-0.007532705402409832,40.0
"wavetrend[n1=15, n2=21, mode=all]",wavetrend,"n1=15, n2=21, mode=all",5m,24,60123,-0.001137962218246111,0.03323332480538747,0.49407048883122934,False,0,-0.013429427834009262,0.012756941446942043,-0.002890324999311518,30.0
"wavetrend[n1=15, n2=21, mode=all]",wavetrend,"n1=15, n2=21, mode=all",5m,48,60121,-0.012905884635928691,-0.3874061898381928,0.4963656625804627,True,0,-0.027572675022449932,-0.006319040357772622,-0.004941249550790306,34.0
"wavetrend[n1=15, n2=21, mode=zone]",wavetrend,"n1=15, n2=21, mode=zone",5m,1,13151,-0.009395919669733702,-0.2308144715274216,0.5071857653410387,False,0,0.004455916453833666,-0.007005062473708907,-0.025264935167704415,43.0
"wavetrend[n1=15, n2=21, mode=zone]",wavetrend,"n1=15, n2=21, mode=zone",5m,3,13151,-0.027367528133648365,-0.4243093229840998,0.514865789673789,True,0,-0.025443377463385652,-0.03356488389303041,-0.023354105662464722,44.0
"wavetrend[n1=15, n2=21, mode=zone]",wavetrend,"n1=15, n2=21, mode=zone",5m,6,13151,-0.05951528320953281,-0.6901119080815623,0.5166907459508783,True,0,-0.07395736153169405,-0.06695656880700217,-0.03825774344714511,58.0
"wavetrend[n1=15, n2=21, mode=zone]",wavetrend,"n1=15, n2=21, mode=zone",5m,12,13148,-0.038644402632350125,-0.33631037754417176,0.5250988743535139,False,0,-0.03311921555539169,-0.10007232385240615,0.014428911736845712,55.0
"wavetrend[n1=15, n2=21, mode=zone]",wavetrend,"n1=15, n2=21, mode=zone",5m,24,13144,-0.03425695150811581,-0.4698745207762548,0.5175745587340231,False,0,-0.029529606837549106,-0.12836545308933478,0.05073743280674571,49.0
"wavetrend[n1=15, n2=21, mode=zone]",wavetrend,"n1=15, n2=21, mode=zone",5m,48,13144,-0.13369071640225974,-3.4987625959762556,0.5130858186244674,True,0,-0.11642372453258554,-0.2788957009965738,-0.012336540952933855,58.0
"wavetrend[n1=15, n2=34, mode=all]",wavetrend,"n1=15, n2=34, mode=all",5m,1,55202,0.003007166773442969,0.01851381634591733,0.4900547081627477,False,0,0.008129984188700682,0.004496899784848794,-0.0035645741622100965,32.0
"wavetrend[n1=15, n2=34, mode=all]",wavetrend,"n1=15, n2=34, mode=all",5m,3,55202,-0.00824739133516545,-0.21702121576507713,0.4893300967356255,True,0,-0.008088045506394336,-0.000580793246491582,-0.016130823301740694,30.0
"wavetrend[n1=15, n2=34, mode=all]",wavetrend,"n1=15, n2=34, mode=all",5m,6,55202,-0.01790147122481222,-0.20237583967742748,0.4908880113039383,True,0,-0.02600429310342169,-0.017759460164454902,-0.010024473182610733,38.0
"wavetrend[n1=15, n2=34, mode=all]",wavetrend,"n1=15, n2=34, mode=all",5m,12,55198,-0.0023904781328019514,-0.16963567863597037,0.4923910286604587,True,0,-0.0026537834142801443,-0.0029039636109887213,-0.0016123736805257018,33.0
"wavetrend[n1=15, n2=34, mode=all]",wavetrend,"n1=15, n2=34, mode=all",5m,24,55193,0.0010678918390013242,-0.060342616250995566,0.49323283749750874,False,0,-0.0137701684165104,0.01608704639029788,0.000622714512493284,29.0
"wavetrend[n1=15, n2=34, mode=all]",wavetrend,"n1=15, n2=34, mode=all",5m,48,55191,-0.01380107225948894,-0.48580413678179446,0.4950988385787538,True,0,-0.028448304692526096,-0.009129475024524445,-0.004010507571941764,38.0
"wavetrend[n1=15, n2=34, mode=zone]",wavetrend,"n1=15, n2=34, mode=zone",5m,1,7244,-0.020517198717003755,-0.48054826533811,0.5122860298177803,True,0,-0.00817586294302706,-0.025795865437701442,-0.027243741737633696,53.0
"wavetrend[n1=15, n2=34, mode=zone]",wavetrend,"n1=15, n2=34, mode=zone",5m,3,7244,-0.05828689459486608,-1.1040776160643204,0.5027609055770292,True,0,-0.06452580100146169,-0.0558908000543082,-0.0546184411801849,58.0
"wavetrend[n1=15, n2=34, mode=zone]",wavetrend,"n1=15, n2=34, mode=zone",5m,6,7244,-0.08583230715124787,-1.8318805521572545,0.5040033130866924,True,0,-0.082373054639646,-0.10520428831405546,-0.07011676988259011,62.0
"wavetrend[n1=15, n2=34, mode=zone]",wavetrend,"n1=15, n2=34, mode=zone",5m,12,7241,-0.1029664452172724,-2.354372882040702,0.5142936058555448,True,0,-0.05094494986749213,-0.22116966633427082,-0.03693067596137741,63.0
"wavetrend[n1=15, n2=34, mode=zone]",wavetrend,"n1=15, n2=34, mode=zone",5m,24,7240,-0.125543654843628,-3.6470116388423297,0.5074585635359116,True,0,-0.07535734361064754,-0.2569342509144674,-0.044730066588664415,58.0
"wavetrend[n1=15, n2=34, mode=zone]",wavetrend,"n1=15, n2=34, mode=zone",5m,48,7240,-0.19628181059267522,-6.328516090422256,0.5081491712707182,True,0,-0.0654025234632276,-0.3402494247955126,-0.18105483483231175,60.0
"squeeze[bb_length=14, kc_length=14, kc_mult=1.0]",squeeze,"bb_length=14, kc_length=14, kc_mult=1.0",5m,1,10561,0.017994997206323315,0.3705098738078523,0.49730139191364453,True,0,0.02814236284645244,0.0194912414502369,0.008633525234990952,11.0
"squeeze[bb_length=14, kc_length=14, kc_mult=1.0]",squeeze,"bb_length=14, kc_length=14, kc_mult=1.0",5m,3,10561,0.021857424361961482,0.6925352298496935,0.4935138717924439,True,0,0.009036156791432284,0.03187816813693138,0.02082860398306282,11.0
"squeeze[bb_length=14, kc_length=14, kc_mult=1.0]",squeeze,"bb_length=14, kc_length=14, kc_mult=1.0",5m,6,10561,0.02083924056447664,0.31534434800460776,0.48773790360761293,False,0,-0.003208698408041845,0.03336517809797647,0.02567664175336713,18.0
"squeeze[bb_length=14, kc_length=14, kc_mult=1.0]",squeeze,"bb_length=14, kc_length=14, kc_mult=1.0",5m,12,10561,0.011735459330672528,-0.4515615038917745,0.49256699176214375,True,0,0.0072452151881602644,0.015420115533014027,0.011186027572065608,30.0
"squeeze[bb_length=14, kc_length=14, kc_mult=1.0]",squeeze,"bb_length=14, kc_length=14, kc_mult=1.0",5m,24,10561,0.024598474334650837,-0.3858456500088958,0.4900104156803333,False,0,0.03929967137093141,0.044252371305294365,-0.007838866620173397,23.0
"squeeze[bb_length=14, kc_length=14, kc_mult=1.0]",squeeze,"bb_length=14, kc_length=14, kc_mult=1.0",5m,48,10560,0.0946442410951915,1.5634065169289022,0.4981060606060606,True,0,0.09731747344689551,0.1706769823337702,0.010533902983810165,17.0
"squeeze[bb_length=14, kc_length=14, kc_mult=1.5]",squeeze,"bb_length=14, kc_length=14, kc_mult=1.5",5m,1,22952,0.001452505559481509,0.07692306442603618,0.4777797141861276,False,0,-0.0010453626381190023,0.0052461305200426685,4.513566832905425e-05,35.0
"squeeze[bb_length=14, kc_length=14, kc_mult=1.5]",squeeze,"bb_length=14, kc_length=14, kc_mult=1.5",5m,3,22952,-0.00643213380039689,-0.1802217122049939,0.4770390379923318,False,0,-0.020487561879497858,-0.007691078135989935,0.009376736323904372,28.0
"squeeze[bb_length=14, kc_length=14, kc_mult=1.5]",squeeze,"bb_length=14, kc_length=14, kc_mult=1.5",5m,6,22949,-0.017521213062787075,-0.7741237499399564,0.4722645866922306,True,0,-0.023269443331357272,-0.011492588848533684,-0.017924324622936198,37.0
"squeeze[bb_length=14, kc_length=14, kc_mult=1.5]",squeeze,"bb_length=14, kc_length=14, kc_mult=1.5",5m,12,22948,-0.014535870682461255,-0.9198064884062129,0.47934460519435246,False,0,-0.024396996280824684,0.008265667172380423,-0.028307443048554586,46.0
"squeeze[bb_length=14, kc_length=14, kc_mult=1.5]",squeeze,"bb_length=14, kc_length=14, kc_mult=1.5",5m,24,22947,-0.01625789983310589,-0.9153409709381123,0.4822416873665403,False,0,0.006977068227471487,-0.017550565698604952,-0.03885341135610716,45.0
"squeeze[bb_length=14, kc_length=14, kc_mult=1.5]",squeeze,"bb_length=14, kc_length=14, kc_mult=1.5",5m,48,22943,-0.0005718572729137035,-0.5811662025206749,0.49104301965741187,False,0,0.041514052744929045,0.0020555888445989144,-0.046721580767436335,31.0
"squeeze[bb_length=14, kc_length=14, kc_mult=2.0]",squeeze,"bb_length=14, kc_length=14, kc_mult=2.0",5m,1,17544,-0.009707241235207466,-0.12061749587690715,0.4573643410852713,True,0,-0.023268224805528828,-0.0033823521594248344,-0.0003378492775392212,44.0
"squeeze[bb_length=14, kc_length=14, kc_mult=2.0]",squeeze,"bb_length=14, kc_length=14, kc_mult=2.0",5m,3,17544,-0.021380888997731187,-0.3172407782920829,0.4574783401732786,True,0,-0.04925052222439446,-0.007101643425007857,-0.003382978652953446,42.0
"squeeze[bb_length=14, kc_length=14, kc_mult=2.0]",squeeze,"bb_length=14, kc_length=14, kc_mult=2.0",5m,6,17542,-0.013984555720810069,-0.4152033455575092,0.4686466765477141,False,0,-0.055679020163212266,0.021047220599935464,-0.00048036834120234476,33.0
"squeeze[bb_length=14, kc_length=14, kc_mult=2.0]",squeeze,"bb_length=14, kc_length=14, kc_mult=2.0",5m,12,17542,0.05024524933136747,0.6447785701646884,0.4846083684870596,True,0,0.01891422636590463,0.08895816523774688,0.04823205240554506,17.0
"squeeze[bb_length=14, kc_length=14, kc_mult=2.0]",squeeze,"bb_length=14, kc_length=14, kc_mult=2.0",5m,24,17540,0.021840960217663744,0.4356937648773235,0.4830102622576967,False,0,-0.036287237301190024,0.08333382064852597,0.028237685900542497,24.0
"squeeze[bb_length=14, kc_length=14, kc_mult=2.0]",squeeze,"bb_length=14, kc_length=14, kc_mult=2.0",5m,48,17534,0.09235006504089617,2.5967032189073134,0.4917873845100947,True,0,0.04869451080634956,0.14149660070379932,0.09424669713066017,18.0
"squeeze[bb_length=14, kc_length=20, kc_mult=1.0]",squeeze,"bb_length=14, kc_length=20, kc_mult=1.0",5m,1,1126,-0.004109672313946296,0.04202635776732753,0.4769094138543517,False,124264,0.006169364486588963,0.03273920427829029,-0.049531236945691955,39.0
"squeeze[bb_length=14, kc_length=20, kc_mult=1.0]",squeeze,"bb_length=14, kc_length=20, kc_mult=1.0",5m,3,1126,-0.04462814348058117,-1.3471220944736857,0.46802841918294846,False,124264,-0.027059931886424842,0.08545349113588527,-0.19181059967845435,54.0
"squeeze[bb_length=14, kc_length=20, kc_mult=1.0]",squeeze,"bb_length=14, kc_length=20, kc_mult=1.0",5m,6,1126,-0.02380814320510236,-1.3437585398210872,0.47424511545293074,False,124264,-0.006529482877453661,0.11259779752579617,-0.17734211786703233,46.0
"squeeze[bb_length=14, kc_length=20, kc_mult=1.0]",squeeze,"bb_length=14, kc_length=20, kc_mult=1.0",5m,12,1126,-0.11193644594607605,-3.569617097214867,0.48401420959147423,False,124264,-0.1753581974724476,0.0332302303269784,-0.21780534594899528,64.0
"squeeze[bb_length=14, kc_length=20, kc_mult=1.0]",squeeze,"bb_length=14, kc_length=20, kc_mult=1.0",5m,24,1126,-0.05843984055628362,-3.014353570141599,0.48845470692717585,False,124264,0.06426305625318296,0.049137449980270906,-0.2562234486986392,53.0
"squeeze[bb_length=14, kc_length=20, kc_mult=1.0]",squeeze,"bb_length=14, kc_length=20, kc_mult=1.0",5m,48,1126,-0.05757809995551557,-1.6209638622380367,0.48756660746003555,False,124264,0.0878777998087108,0.0012102980978402986,-0.22079126930488543,50.0
"squeeze[bb_length=14, kc_length=20, kc_mult=1.5]",squeeze,"bb_length=14, kc_length=20, kc_mult=1.5",5m,1,3131,-0.03497778716833163,-1.0361191244804593,0.442031299904184,True,175387,-0.05703333347045774,-0.029851688413005093,-0.019664142190523183,59.0
"squeeze[bb_length=14, kc_length=20, kc_mult=1.5]",squeeze,"bb_length=14, kc_length=20, kc_mult=1.5",5m,3,3131,-0.03713334290385489,-1.25818447130226,0.45384861066751836,False,175387,-0.10074455362486211,-0.018427352773238283,0.002936142978225731,52.0
"squeeze[bb_length=14, kc_length=20, kc_mult=1.5]",squeeze,"bb_length=14, kc_length=20, kc_mult=1.5",5m,6,3131,-0.04526643151664179,-1.7999857379884578,0.46119450654742894,False,175387,-0.12942276495519017,-0.029238919358988376,0.01685514111820177,54.0
"squeeze[bb_length=14, kc_length=20, kc_mult=1.5]",squeeze,"bb_length=14, kc_length=20, kc_mult=1.5",5m,12,3131,0.048959971825707584,-0.4172897683195632,0.48578728840625995,True,175387,0.01926791802692276,0.00532989561310203,0.12236870948592901,20.0
"squeeze[bb_length=14, kc_length=20, kc_mult=1.5]",squeeze,"bb_length=14, kc_length=20, kc_mult=1.5",5m,24,3131,0.052408181454102,1.2436512791692487,0.4829128074097732,False,175387,-0.04738674557918793,0.016120173447683715,0.18384261286724324,18.0
"squeeze[bb_length=14, kc_length=20, kc_mult=1.5]",squeeze,"bb_length=14, kc_length=20, kc_mult=1.5",5m,48,3130,0.08504663961787566,1.967345519933972,0.4939297124600639,False,175387,-0.14084927213508397,0.05644327948334856,0.32641194182809996,19.0
"squeeze[bb_length=14, kc_length=20, kc_mult=2.0]",squeeze,"bb_length=14, kc_length=20, kc_mult=2.0",5m,1,2886,-0.04757774579588716,-1.3295978239282067,0.4275814275814276,True,134481,-0.02555466487134131,-0.04141336442176898,-0.07721126957651687,62.0
"squeeze[bb_length=14, kc_length=20, kc_mult=2.0]",squeeze,"bb_length=14, kc_length=20, kc_mult=2.0",5m,3,2886,-0.08166274909682959,-2.089035642687877,0.4369369369369369,True,134481,-0.12103950681674601,-0.04550901295129581,-0.07787890301582201,60.0
"squeeze[bb_length=14, kc_length=20, kc_mult=2.0]",squeeze,"bb_length=14, kc_length=20, kc_mult=2.0",5m,6,2885,-0.013807530138861438,-0.6606822476088101,0.44714038128249567,False,134481,-0.07946407727867781,0.02480332653131672,0.015144816926113554,32.0
"squeeze[bb_length=14, kc_length=20, kc_mult=2.0]",squeeze,"bb_length=14, kc_length=20, kc_mult=2.0",5m,12,2885,-0.024643933451490036,-1.333122371399037,0.4637781629116118,False,134481,-0.13467033742305135,0.04024924989905071,0.02367650395913022,50.0
"squeeze[bb_length=14, kc_length=20, kc_mult=2.0]",squeeze,"bb_length=14, kc_length=20, kc_mult=2.0",5m,24,2885,0.016954405125968918,0.1943476454178197,0.47452339688041595,False,134481,-0.12151056236494458,-0.0006136732591176346,0.18115097399720936,26.0
"squeeze[bb_length=14, kc_length=20, kc_mult=2.0]",squeeze,"bb_length=14, kc_length=20, kc_mult=2.0",5m,48,2885,0.09777831180667658,2.4423239011112616,0.48422876949740035,False,134481,-0.15361520341184526,0.2018895880680859,0.2541907395907538,16.0
"squeeze[bb_length=14, kc_length=30, kc_mult=1.0]",squeeze,"bb_length=14, kc_length=30, kc_mult=1.0",5m,1,453,0.0817022164235144,2.5405493607425034,0.5342163355408388,True,234387,0.06604393807264568,0.15573206321462307,0.015426868717939714,3.0
"squeeze[bb_length=14, kc_length=30, kc_mult=1.0]",squeeze,"bb_length=14, kc_length=30, kc_mult=1.0",5m,3,453,0.14048581495896895,4.53947695979568,0.5298013245033113,True,234387,0.17654145229730708,0.11586866912487143,0.13588222042949635,1.0
"squeeze[bb_length=14, kc_length=30, kc_mult=1.0]",squeeze,"bb_length=14, kc_length=30, kc_mult=1.0",5m,6,453,0.13518082745041832,5.10667715557527,0.49448123620309054,True,234387,0.004330343471585938,0.2762205854161795,0.09615819463787519,2.0
"squeeze[bb_length=14, kc_length=30, kc_mult=1.0]",squeeze,"bb_length=14, kc_length=30, kc_mult=1.0",5m,12,453,0.06039894267599495,0.6878703440097733,0.5077262693156733,False,234387,0.385785939725076,0.04715294768864618,-0.2063389497891213,16.0
"squeeze[bb_length=14, kc_length=30, kc_mult=1.0]",squeeze,"bb_length=14, kc_length=30, kc_mult=1.0",5m,24,453,0.13343810419743582,2.8479833711627567,0.5275938189845475,False,234387,0.4656363038437854,0.2395679465364944,-0.26786004113534484,12.0
"squeeze[bb_length=14, kc_length=30, kc_mult=1.0]",squeeze,"bb_length=14, kc_length=30, kc_mult=1.0",5m,48,453,-0.06932023651619558,0.6022065800359607,0.48344370860927155,False,234387,0.13019162723305572,-0.00034586381382271453,-0.3159749361736262,51.0
"squeeze[bb_length=14, kc_length=30, kc_mult=1.5]",squeeze,"bb_length=14, kc_length=30, kc_mult=1.5",5m,1,1160,-0.02663739657524371,-1.326362389668278,0.4603448275862069,False,278332,0.07972763098416548,-0.044016880672956886,-0.09497808823304858,57.0
"squeeze[bb_length=14, kc_length=30, kc_mult=1.5]",squeeze,"bb_length=14, kc_length=30, kc_mult=1.5",5m,3,1160,0.024510701022769147,0.21032750051921761,0.4793103448275862,False,278332,0.037936295896827024,0.04120255157223306,-0.007136791638647217,10.0
"squeeze[bb_length=14, kc_length=30, kc_mult=1.5]",squeeze,"bb_length=14, kc_length=30, kc_mult=1.5",5m,6,1160,0.07373176550726775,0.8877596071459236,0.4793103448275862,True,278332,0.0993184095528221,0.07328761044231749,0.05273720136340275,7.0
"squeeze[bb_length=14, kc_length=30, kc_mult=1.5]",squeeze,"bb_length=14, kc_length=30, kc_mult=1.5",5m,12,1160,0.195338622864561,1.9347674431167672,0.49482758620689654,False,278332,0.37402084385767853,0.2583866471609467,-0.03191155054371008,6.0
"squeeze[bb_length=14, kc_length=30, kc_mult=1.5]",squeeze,"bb_length=14, kc_length=30, kc_mult=1.5",5m,24,1160,0.27756188695264494,5.038026028495344,0.5008620689655172,True,278332,0.32380787018499624,0.43395205254782465,0.04799796833498491,4.0
"squeeze[bb_length=14, kc_length=30, kc_mult=1.5]",squeeze,"bb_length=14, kc_length=30, kc_mult=1.5",5m,48,1160,0.4576620645464106,10.130941299249374,0.49482758620689654,True,278332,0.3717683362175754,0.7366056423100733,0.1899263558658992,3.0
"squeeze[bb_length=14, kc_length=30, kc_mult=2.0]",squeeze,"bb_length=14, kc_length=30, kc_mult=2.0",5m,1,1172,-0.05870836018949295,-1.8219946230385853,0.4232081911262799,True,239301,-0.08019331773768174,-0.012462683810384843,-0.09080151014549734,64.0
"squeeze[bb_length=14, kc_length=30, kc_mult=2.0]",squeeze,"bb_length=14, kc_length=30, kc_mult=2.0",5m,3,1172,-0.12392276993160951,-3.4910027555118295,0.43686006825938567,True,239301,-0.22070872114601028,-0.07708769097190807,-0.07596405844750899,64.0
"squeeze[bb_length=14, kc_length=30, kc_mult=2.0]",squeeze,"bb_length=14, kc_length=30, kc_mult=2.0",5m,6,1172,-0.08100745284842971,-3.9391621606522693,0.4513651877133106,True,239301,-0.13000862667196492,-0.030803659778062147,-0.08831043756167843,61.0
"squeeze[bb_length=14, kc_length=30, kc_mult=2.0]",squeeze,"bb_length=14, kc_length=30, kc_mult=2.0",5m,12,1172,-0.0328281039789929,-2.3295265438458674,0.46501706484641636,True,239301,-0.054041541059776876,-0.025333552262218405,-0.019013326426562935,54.0
"squeeze[bb_length=14, kc_length=30, kc_mult=2.0]",squeeze,"bb_length=14, kc_length=30, kc_mult=2.0",5m,24,1172,-0.07635143438087984,-2.709932946853407,0.4667235494880546,False,239301,-0.13325931891603693,0.02864465214525758,-0.1404984803060925,56.0
"squeeze[bb_length=14, kc_length=30, kc_mult=2.0]",squeeze,"bb_length=14, kc_length=30, kc_mult=2.0",5m,48,1172,0.1389150543491039,0.6044965846508134,0.4880546075085324,False,239301,0.20465359673092695,0.36620096497753524,-0.20255488594607854,15.0
"squeeze[bb_length=20, kc_length=14, kc_mult=1.0]",squeeze,"bb_length=20, kc_length=14, kc_mult=1.0",5m,1,439,-0.05307541034180101,-2.034154892802969,0.46697038724373574,False,16594,0.035151554851671325,-0.05808982537769709,-0.0964412134530436,63.0
"squeeze[bb_length=20, kc_length=14, kc_mult=1.0]",squeeze,"bb_length=20, kc_length=14, kc_mult=1.0",5m,3,439,-0.02573803722950227,-2.3273555993611095,0.4988610478359909,False,16594,-0.02901196422300158,0.028815195748188676,-0.07571583788801624,43.0
"squeeze[bb_length=20, kc_length=14, kc_mult=1.0]",squeeze,"bb_length=20, kc_length=14, kc_mult=1.0",5m,6,439,0.062343857272053466,-1.3101430909523597,0.5125284738041003,False,16594,0.28376310238893715,0.09402030670555227,-0.08848690742462349,9.0
"squeeze[bb_length=20, kc_length=14, kc_mult=1.0]",squeeze,"bb_length=20, kc_length=14, kc_mult=1.0",5m,12,439,-0.04799509201629261,-5.670613120538078,0.4988610478359909,False,16594,0.17293249065988037,-0.10066871339282692,-0.11852096228351637,58.0
"squeeze[bb_length=20, kc_length=14, kc_mult=1.0]",squeeze,"bb_length=20, kc_length=14, kc_mult=1.0",5m,24,439,-0.3166736856058094,-10.79581612582181,0.4715261958997722,False,16594,0.10492831824513175,-0.4881032982520984,-0.3839750893430826,64.0
"squeeze[bb_length=20, kc_length=14, kc_mult=1.0]",squeeze,"bb_length=20, kc_length=14, kc_mult=1.0",5m,48,439,-0.32835639706802605,-13.263964481679169,0.4715261958997722,False,16594,0.24656311739895584,-0.6997935374766847,-0.28950566377589104,63.0
"squeeze[bb_length=20, kc_length=14, kc_mult=1.5]",squeeze,"bb_length=20, kc_length=14, kc_mult=1.5",5m,1,1945,-0.038662564557197555,-0.8929635459957171,0.4452442159383033,True,114764,-0.08599362175348964,-0.029020283837367954,-0.004569282608619817,61.0
"squeeze[bb_length=20, kc_length=14, kc_mult=1.5]",squeeze,"bb_length=20, kc_length=14, kc_mult=1.5",5m,3,1945,-0.050236528400690796,-0.7367823730445822,0.45552699228791776,False,114764,-0.1523197127768747,-0.09619886692249566,0.08985378867112835,55.0
"squeeze[bb_length=20, kc_length=14, kc_mult=1.5]",squeeze,"bb_length=20, kc_length=14, kc_mult=1.5",5m,6,1945,0.0005179272302760713,0.28232878560564034,0.4616966580976864,False,114764,-0.07766496289980884,-0.054201180904354884,0.1272686257759174,22.0
"squeeze[bb_length=20, kc_length=14, kc_mult=1.5]",squeeze,"bb_length=20, kc_length=14, kc_mult=1.5",5m,12,1945,0.03421057477060618,-0.026412507467177482,0.4915167095115681,False,114764,-0.06381604471631945,0.02887531204681908,0.13004989223765406,23.0
"squeeze[bb_length=20, kc_length=14, kc_mult=1.5]",squeeze,"bb_length=20, kc_length=14, kc_mult=1.5",5m,24,1945,-0.012136736304454337,-0.44279047661517934,0.4802056555269923,False,114764,-0.15393748630337095,0.14005733642188337,-0.03293163576534705,44.0
"squeeze[bb_length=20, kc_length=14, kc_mult=1.5]",squeeze,"bb_length=20, kc_length=14, kc_mult=1.5",5m,48,1945,-0.04300059256352956,0.5308263109768198,0.4910025706940874,False,114764,-0.5257603926891615,0.26815220870461504,0.09257270628814548,47.0
"squeeze[bb_length=20, kc_length=14, kc_mult=2.0]",squeeze,"bb_length=20, kc_length=14, kc_mult=2.0",5m,1,1687,-0.07047515978523147,-1.224650732769787,0.4220509780675756,True,161604,-0.10519174574001725,-0.058001781306354146,-0.04295434103160331,65.0
"squeeze[bb_length=20, kc_length=14, kc_mult=2.0]",squeeze,"bb_length=20, kc_length=14, kc_mult=2.0",5m,3,1687,-0.10297453506972845,-1.9573561145635185,0.42323651452282157,False,161604,-0.19264926718377126,0.023763994360020815,-0.13109587171181597,62.0
"squeeze[bb_length=20, kc_length=14, kc_mult=2.0]",squeeze,"bb_length=20, kc_length=14, kc_mult=2.0",5m,6,1686,0.010253203765359905,-0.7270702705743206,0.4460260972716489,False,161604,-0.09676689267849906,0.17915133189310362,-0.0420324287663526,21.0
"squeeze[bb_length=20, kc_length=14, kc_mult=2.0]",squeeze,"bb_length=20, kc_length=14, kc_mult=2.0",5m,12,1686,-0.025094234562807023,-3.449415042924235,0.4531435349940688,False,161604,-0.05891462920140497,0.043907964959274313,-0.05802005177334669,51.0
"squeeze[bb_length=20, kc_length=14, kc_mult=2.0]",squeeze,"bb_length=20, kc_length=14, kc_mult=2.0",5m,24,1686,-0.00988363915423579,-3.309762627201881,0.4744958481613286,False,161604,-0.061340908267979534,-0.013719550226306646,0.05424155127944779,41.0
"squeeze[bb_length=20, kc_length=14, kc_mult=2.0]",squeeze,"bb_length=20, kc_length=14, kc_mult=2.0",5m,48,1686,-0.08431624521245394,-5.265819952849512,0.46026097271648875,False,161604,-0.22973308047105953,0.2592620216935475,-0.27510430555603066,52.0
"squeeze[bb_length=20, kc_length=20, kc_mult=1.0]",squeeze,"bb_length=20, kc_length=20, kc_mult=1.0",5m,1,2933,0.017175142723808958,0.535000878850101,0.4950562563927719,False,0,0.030537122383906993,0.034156341524045,-0.010856593656161569,12.0
"squeeze[bb_length=20, kc_length=20, kc_mult=1.0]",squeeze,"bb_length=20, kc_length=20, kc_mult=1.0",5m,3,2933,0.004844406929802909,-0.00291479526475786,0.4974428912376406,False,0,0.05614475702010902,0.037035144625860876,-0.06534455681521355,15.0
"squeeze[bb_length=20, kc_length=20, kc_mult=1.0]",squeeze,"bb_length=20, kc_length=20, kc_mult=1.0",5m,6,2933,0.04531042461671728,0.7601437844969844,0.4957381520627344,False,0,0.10920880662978871,0.06970034671256563,-0.02430201185071427,13.0
"squeeze[bb_length=20, kc_length=20, kc_mult=1.0]",squeeze,"bb_length=20, kc_length=20, kc_mult=1.0",5m,12,2933,-0.017319995965510322,-0.9039983809421379,0.5022161609273781,False,0,-0.03625990884997259,0.05308531816782444,-0.0847363561526236,47.0
"squeeze[bb_length=20, kc_length=20, kc_mult=1.0]",squeeze,"bb_length=20, kc_length=20, kc_mult=1.0",5m,24,2933,-0.06754953858877193,-2.964432914937474,0.4878963518581657,False,0,-0.05601564422883394,0.0393269536092325,-0.19633656599921775,54.0
"squeeze[bb_length=20, kc_length=20, kc_mult=1.0]",squeeze,"bb_length=20, kc_length=20, kc_mult=1.0",5m,48,2933,-0.02079309608362099,-0.8785283831707446,0.4930105693828844,False,0,-0.03591662372730407,0.0665590028319982,-0.10993531095828965,44.0
"squeeze[bb_length=20, kc_length=20, kc_mult=1.5]",squeeze,"bb_length=20, kc_length=20, kc_mult=1.5",5m,1,14379,-0.012184895981609054,-0.3763826331164808,0.46248000556366925,False,0,-0.024905432711637875,0.0002832206556915215,-0.013482667220093596,47.0
"squeeze[bb_length=20, kc_length=20, kc_mult=1.5]",squeeze,"bb_length=20, kc_length=20, kc_mult=1.5",5m,3,14379,-0.018261054052946042,-0.5211785820748935,0.46595729883858406,True,0,-0.034918669338556765,-0.002314487767247998,-0.01955920595897407,38.0
"squeeze[bb_length=20, kc_length=20, kc_mult=1.5]",squeeze,"bb_length=20, kc_length=20, kc_mult=1.5",5m,6,14377,-0.021664094220356447,-0.6722419491154866,0.470960562008764,False,0,-0.046431335103319364,0.008190597061399872,-0.030073479947747558,44.0
"squeeze[bb_length=20, kc_length=20, kc_mult=1.5]",squeeze,"bb_length=20, kc_length=20, kc_mult=1.5",5m,12,14377,0.00693288579111874,-0.4787107809339917,0.47888989358002365,False,0,-0.012856201238017432,0.03856652895436535,-0.00798922241534592,31.0
"squeeze[bb_length=20, kc_length=20, kc_mult=1.5]",squeeze,"bb_length=20, kc_length=20, kc_mult=1.5",5m,24,14377,0.009609596186134118,-0.30440571410098594,0.4812547819433818,False,0,0.025866342742470023,0.04504087688983109,-0.04289219414363451,28.0
"squeeze[bb_length=20, kc_length=20, kc_mult=1.5]",squeeze,"bb_length=20, kc_length=20, kc_mult=1.5",5m,48,14376,-0.01759490422063481,-0.6426475425334235,0.4850445186421814,False,0,-0.019647284211286743,0.04602157013678927,-0.08276166817381422,41.0
"squeeze[bb_length=20, kc_length=20, kc_mult=2.0]",squeeze,"bb_length=20, kc_length=20, kc_mult=2.0",5m,1,15483,-0.016444725930792676,-0.4445795760108262,0.4534005037783375,True,0,-0.017896111536023274,-0.0036687724956137365,-0.027654517399992445,51.0
"squeeze[bb_length=20, kc_length=20, kc_mult=2.0]",squeeze,"bb_length=20, kc_length=20, kc_mult=2.0",5m,3,15482,-0.016200098110402232,-0.21557782860355723,0.4592429918615166,True,0,-0.04060833036787018,-0.002284614559662063,-0.0038940257962943488,37.0
"squeeze[bb_length=20, kc_length=20, kc_mult=2.0]",squeeze,"bb_length=20, kc_length=20, kc_mult=2.0",5m,6,15481,-0.002185780518049519,-0.04395402832493671,0.4691557392933273,False,0,-0.0391148584961319,0.026308533328936297,0.008991076742315906,23.0
"squeeze[bb_length=20, kc_length=20, kc_mult=2.0]",squeeze,"bb_length=20, kc_length=20, kc_mult=2.0",5m,12,15481,0.02694863788333038,0.4252665137429533,0.4750985078483302,False,0,-0.027662857553874484,0.0776537663411827,0.034916871738632595,25.0
"squeeze[bb_length=20, kc_length=20, kc_mult=2.0]",squeeze,"bb_length=20, kc_length=20, kc_mult=2.0",5m,24,15481,-0.03012549129441717,-0.5469585992956291,0.4712873845358827,False,0,-0.11841936127030231,0.04966126062879038,-0.015053035256676808,47.0
"squeeze[bb_length=20, kc_length=20, kc_mult=2.0]",squeeze,"bb_length=20, kc_length=20, kc_mult=2.0",5m,48,15477,0.03950333491599846,1.556569393626777,0.4793564644310913,False,0,-0.06450120455635786,0.15660531861504062,0.03415827246747256,27.0
"squeeze[bb_length=20, kc_length=30, kc_mult=1.0]",squeeze,"bb_length=20, kc_length=30, kc_mult=1.0",5m,1,197,0.02645978875853834,-0.06534037751223402,0.49238578680203043,False,102728,0.06511023464770899,0.0647419420664242,-0.02742621738760076,8.0
"squeeze[bb_length=20, kc_length=30, kc_mult=1.0]",squeeze,"bb_length=20, kc_length=30, kc_mult=1.0",5m,3,197,0.08389811017207756,2.9364188082852527,0.5076142131979695,False,102728,0.013044405392147402,0.24927188306605386,-0.021272315012744358,6.0
"squeeze[bb_length=20, kc_length=30, kc_mult=1.0]",squeeze,"bb_length=20, kc_length=30, kc_mult=1.0",5m,6,197,0.12751060045132784,4.517132868845662,0.5380710659898477,False,102728,-0.055050585090978495,0.4133498201333289,-0.022024673128679353,4.0
"squeeze[bb_length=20, kc_length=30, kc_mult=1.0]",squeeze,"bb_length=20, kc_length=30, kc_mult=1.0",5m,12,197,0.02370925855690133,0.05661574806747969,0.467005076142132,False,102728,-0.1658159930054657,0.34075616573984224,-0.1491104895070579,27.0
"squeeze[bb_length=20, kc_length=30, kc_mult=1.0]",squeeze,"bb_length=20, kc_length=30, kc_mult=1.0",5m,24,197,-0.164663081168052,-3.4489924734310273,0.45685279187817257,False,102728,-0.2441331988557459,0.3061135436471308,-0.5296442419438989,61.0
"squeeze[bb_length=20, kc_length=30, kc_mult=1.0]",squeeze,"bb_length=20, kc_length=30, kc_mult=1.0",5m,48,197,-0.3197517768375532,-4.035174116910312,0.41624365482233505,False,102728,-0.7273902315798485,0.22747480821954094,-0.5748370881838051,62.0
"squeeze[bb_length=20, kc_length=30, kc_mult=1.5]",squeeze,"bb_length=20, kc_length=30, kc_mult=1.5",5m,1,1129,0.013580845627365556,0.10114175165924497,0.4588131089459699,False,184079,-0.021723733153821565,0.034166278215308356,0.021246251112206623,16.0
"squeeze[bb_length=20, kc_length=30, kc_mult=1.5]",squeeze,"bb_length=20, kc_length=30, kc_mult=1.5",5m,3,1129,-0.001283247218124207,0.4977141431464738,0.4588131089459699,False,184079,-0.14634926275603932,0.046336522054352396,0.07626401532566533,19.0
"squeeze[bb_length=20, kc_length=30, kc_mult=1.5]",squeeze,"bb_length=20, kc_length=30, kc_mult=1.5",5m,6,1129,-0.00901165408576557,0.5702848970808264,0.45969884853852966,False,184079,-0.18431095514201157,0.02712070008890764,0.11137139213388217,27.0
"squeeze[bb_length=20, kc_length=30, kc_mult=1.5]",squeeze,"bb_length=20, kc_length=30, kc_mult=1.5",5m,12,1129,0.15208046179801896,3.3765407346406344,0.4853852967227635,True,184079,0.1515700315658403,0.13407822435106048,0.17498857030552292,8.0
"squeeze[bb_length=20, kc_length=30, kc_mult=1.5]",squeeze,"bb_length=20, kc_length=30, kc_mult=1.5",5m,24,1129,0.18977826954631427,5.4697062278954505,0.4765279007971656,True,184079,0.11065519150582538,0.149359534419435,0.3147832702708258,7.0
"squeeze[bb_length=20, kc_length=30, kc_mult=1.5]",squeeze,"bb_length=20, kc_length=30, kc_mult=1.5",5m,48,1129,0.4244183697390547,11.679493590341055,0.508414526129318,True,184079,0.3021949333271255,0.5795930509027984,0.34642569563841435,4.0
"squeeze[bb_length=20, kc_length=30, kc_mult=2.0]",squeeze,"bb_length=20, kc_length=30, kc_mult=2.0",5m,1,1459,-0.03069120069019414,-1.5775603513308096,0.42220699108978754,False,181929,-0.02367641742732534,0.002931023506782585,-0.07495085562066724,58.0
"squeeze[bb_length=20, kc_length=30, kc_mult=2.0]",squeeze,"bb_length=20, kc_length=30, kc_mult=2.0",5m,3,1459,-0.08362785338656795,-2.710919152819757,0.431117203564085,True,181929,-0.09765638027632888,-0.05514539728601834,-0.10140504985546098,61.0
"squeeze[bb_length=20, kc_length=30, kc_mult=2.0]",squeeze,"bb_length=20, kc_length=30, kc_mult=2.0",5m,6,1459,-0.07069620437158637,-3.2240613876215,0.4235777930089102,True,181929,-0.017076884736371756,-0.0894395172290111,-0.10281983708059213,60.0
"squeeze[bb_length=20, kc_length=30, kc_mult=2.0]",squeeze,"bb_length=20, kc_length=30, kc_mult=2.0",5m,12,1459,-0.13774646132188886,-5.951689112402186,0.45030843043180263,False,181929,0.048867717299084394,-0.3194413506953602,-0.12022876687693576,65.0
"squeeze[bb_length=20, kc_length=30, kc_mult=2.0]",squeeze,"bb_length=20, kc_length=30, kc_mult=2.0",5m,24,1459,-0.13485656344911698,-5.21566636315017,0.455106237148732,False,181929,0.0266986322114743,-0.3087259582336779,-0.10128856453160036,59.0
"squeeze[bb_length=20, kc_length=30, kc_mult=2.0]",squeeze,"bb_length=20, kc_length=30, kc_mult=2.0",5m,48,1459,0.06049148306283768,-0.8270613129057204,0.48252227553118576,False,181929,-0.04942180525408006,0.21359420242353372,-0.0010011775704473242,22.0
"squeeze[bb_length=30, kc_length=14, kc_mult=1.0]",squeeze,"bb_length=30, kc_length=14, kc_mult=1.0",5m,1,19,0.3616574634698055,7.040527822979678,0.5263157894736842,True,14093,0.14879157401244686,0.6528865337014813,0.15046189146638073,1.0
"squeeze[bb_length=30, kc_length=14, kc_mult=1.0]",squeeze,"bb_length=30, kc_length=14, kc_mult=1.0",5m,3,19,0.11795053005269453,0.9526020958426289,0.5263157894736842,False,14093,1.1838454599981658,0.1269777014464586,-0.501449054366162,3.0
"squeeze[bb_length=30, kc_length=14, kc_mult=1.0]",squeeze,"bb_length=30, kc_length=14, kc_mult=1.0",5m,6,19,0.038246365467015014,-2.0900985347746968,0.42105263157894735,False,14093,1.389938782344555,0.517470647090408,-1.2818341946040286,15.0
"squeeze[bb_length=30, kc_length=14, kc_mult=1.0]",squeeze,"bb_length=30, kc_length=14, kc_mult=1.0",5m,12,19,0.5793952239178836,9.819863965507066,0.3684210526315789,False,14093,1.522719904800803,1.496766681900311,-1.0080719742808444,2.0
"squeeze[bb_length=30, kc_length=14, kc_mult=1.0]",squeeze,"bb_length=30, kc_length=14, kc_mult=1.0",5m,24,19,1.0924024049261212,28.845302303674753,0.42105263157894735,True,14093,2.06531668157993,1.0448067162832122,0.590846462430127,1.0
"squeeze[bb_length=30, kc_length=14, kc_mult=1.0]",squeeze,"bb_length=30, kc_length=14, kc_mult=1.0",5m,48,19,0.7276200747266891,20.35902626342515,0.42105263157894735,False,14093,2.1660886688284773,2.168297638690026,-1.7408506235752892,2.0
"squeeze[bb_length=30, kc_length=14, kc_mult=1.5]",squeeze,"bb_length=30, kc_length=14, kc_mult=1.5",5m,1,241,0.05560172244702109,0.9869628882356025,0.5020746887966805,False,135352,-0.02251358961453643,0.06767039737199192,0.11688888214840805,4.0
"squeeze[bb_length=30, kc_length=14, kc_mult=1.5]",squeeze,"bb_length=30, kc_length=14, kc_mult=1.5",5m,3,241,0.015351819951964036,-0.2494049102954672,0.45643153526970953,False,135352,-0.13502454820139476,-0.05319923672097092,0.26131346431124625,12.0
"squeeze[bb_length=30, kc_length=14, kc_mult=1.5]",squeeze,"bb_length=30, kc_length=14, kc_mult=1.5",5m,6,241,0.05952165581416405,-0.5169297597221312,0.47717842323651455,False,135352,-0.05444837210188611,-0.03569557651855484,0.30625937388428703,11.0
"squeeze[bb_length=30, kc_length=14, kc_mult=1.5]",squeeze,"bb_length=30, kc_length=14, kc_mult=1.5",5m,12,241,-0.021171917994871416,-4.516072819693126,0.4107883817427386,False,135352,-0.297938917963861,0.06043936699609278,0.14179906487404134,49.0
"squeeze[bb_length=30, kc_length=14, kc_mult=1.5]",squeeze,"bb_length=30, kc_length=14, kc_mult=1.5",5m,24,241,-0.35024626298638734,-12.218810792133304,0.46473029045643155,False,135352,-1.168982354100518,0.10150723927892293,-0.16141998489008372,65.0
"squeeze[bb_length=30, kc_length=14, kc_mult=1.5]",squeeze,"bb_length=30, kc_length=14, kc_mult=1.5",5m,48,241,-0.8856951218760962,-27.4180077744475,0.4107883817427386,True,135352,-2.267000818482586,-0.4805966140154017,-0.06924509115987022,65.0
"squeeze[bb_length=30, kc_length=14, kc_mult=2.0]",squeeze,"bb_length=30, kc_length=14, kc_mult=2.0",5m,1,216,0.020348131219226514,1.3026614376786827,0.4583333333333333,False,245277,0.05588336336696433,0.06440515628452005,-0.06119434394563953,9.0
"squeeze[bb_length=30, kc_length=14, kc_mult=2.0]",squeeze,"bb_length=30, kc_length=14, kc_mult=2.0",5m,3,216,0.11818023146029191,4.226834832583888,0.4675925925925926,True,245277,0.047906320104523746,0.17656680020915586,0.1526331139111433,2.0
"squeeze[bb_length=30, kc_length=14, kc_mult=2.0]",squeeze,"bb_length=30, kc_length=14, kc_mult=2.0",5m,6,216,0.06612276272699698,1.4607884884870497,0.4444444444444444,False,245277,-0.013238618659552457,0.06967099537533122,0.15939812310282997,8.0
"squeeze[bb_length=30, kc_length=14, kc_mult=2.0]",squeeze,"bb_length=30, kc_length=14, kc_mult=2.0",5m,12,216,0.3503497346548252,6.477727444339375,0.47685185185185186,True,245277,0.35539185024548814,0.12202214044745524,0.543198354961157,3.0
"squeeze[bb_length=30, kc_length=14, kc_mult=2.0]",squeeze,"bb_length=30, kc_length=14, kc_mult=2.0",5m,24,216,0.3915233075676345,7.4972992906589875,0.4074074074074074,False,245277,0.555783898414023,-0.17327043959063076,0.6842414269206512,3.0
"squeeze[bb_length=30, kc_length=14, kc_mult=2.0]",squeeze,"bb_length=30, kc_length=14, kc_mult=2.0",5m,48,216,-0.2630487852219289,-4.495765263166532,0.44907407407407407,False,245277,-0.23107946229774728,-0.825502587415838,0.1882696359962565,61.0
"squeeze[bb_length=30, kc_length=20, kc_mult=1.0]",squeeze,"bb_length=30, kc_length=20, kc_mult=1.0",5m,1,41,0.12099019496346447,2.2804171748086604,0.5609756097560976,False,3178,0.8516345469654081,0.04057409354580012,-0.004028383452658677,2.0
"squeeze[bb_length=30, kc_length=20, kc_mult=1.0]",squeeze,"bb_length=30, kc_length=20, kc_mult=1.0",5m,3,41,-0.31001152284561845,-8.372575474508738,0.36585365853658536,False,3178,0.2140905830263911,-0.2097310045157022,-0.576237427411998,65.0
"squeeze[bb_length=30, kc_length=20, kc_mult=1.0]",squeeze,"bb_length=30, kc_length=20, kc_mult=1.0",5m,6,41,-0.043487940417448336,-0.8395156458289216,0.5609756097560976,False,3178,0.08947623767198332,0.6473702035186604,-0.8547306242546968,53.0
"squeeze[bb_length=30, kc_length=20, kc_mult=1.0]",squeeze,"bb_length=30, kc_length=20, kc_mult=1.0",5m,12,41,0.8188662075949945,19.755486962259457,0.5853658536585366,True,3178,0.26554675201421285,1.4129919840472775,0.3175842973191437,1.0
"squeeze[bb_length=30, kc_length=20, kc_mult=1.0]",squeeze,"bb_length=30, kc_length=20, kc_mult=1.0",5m,24,41,0.9150132928696803,27.71626617674635,0.6341463414634146,True,3178,1.605383794390796,1.106983120669471,0.4974086319401742,2.0
"squeeze[bb_length=30, kc_length=20, kc_mult=1.0]",squeeze,"bb_length=30, kc_length=20, kc_mult=1.0",5m,48,41,1.1778797629165962,26.099879252154906,0.4878048780487805,False,3178,6.013112672163169,1.7449772762519609,-0.8780624311778029,1.0
"squeeze[bb_length=30, kc_length=20, kc_mult=1.5]",squeeze,"bb_length=30, kc_length=20, kc_mult=1.5",5m,1,597,-0.03600945825103768,-1.2876506984081115,0.4338358458961474,False,64549,-0.03933640015770484,-0.07924903179409565,0.010603497108713349,60.0
"squeeze[bb_length=30, kc_length=20, kc_mult=1.5]",squeeze,"bb_length=30, kc_length=20, kc_mult=1.5",5m,3,597,-0.05250573798482486,-1.008141838554878,0.45058626465661644,False,64549,-0.2678070611672669,0.04269774075832015,0.01651463565581691,56.0
"squeeze[bb_length=30, kc_length=20, kc_mult=1.5]",squeeze,"bb_length=30, kc_length=20, kc_mult=1.5",5m,6,597,-0.053277318849050966,-0.6796352024056248,0.4288107202680067,False,64549,-0.28638116016209203,0.08815915762405618,-0.017627870505525643,56.0
"squeeze[bb_length=30, kc_length=20, kc_mult=1.5]",squeeze,"bb_length=30, kc_length=20, kc_mult=1.5",5m,12,597,-0.03906840535236816,-1.8658441345748507,0.4807370184254606,False,64549,-0.032823709830786425,0.02143703227976649,-0.10551962107604274,56.0
"squeeze[bb_length=30, kc_length=20, kc_mult=1.5]",squeeze,"bb_length=30, kc_length=20, kc_mult=1.5",5m,24,597,0.10414123170376512,2.7823850331132287,0.49413735343383586,False,64549,0.021272996154614317,0.28041240458153743,-0.011530996435227765,15.0
"squeeze[bb_length=30, kc_length=20, kc_mult=1.5]",squeeze,"bb_length=30, kc_length=20, kc_mult=1.5",5m,48,597,0.03669272536652166,2.498830215819839,0.490787269681742,False,64549,-0.43596138635493636,0.7055835991960808,-0.2802712094970454,28.0
"squeeze[bb_length=30, kc_length=20, kc_mult=2.0]",squeeze,"bb_length=30, kc_length=20, kc_mult=2.0",5m,1,806,0.031200413268166173,0.4477306437992146,0.47270471464019853,False,149053,0.0031622644268945355,0.09788946555532407,-0.015354840844621707,7.0
"squeeze[bb_length=30, kc_length=20, kc_mult=2.0]",squeeze,"bb_length=30, kc_length=20, kc_mult=2.0",5m,3,806,-0.057218703636468526,-1.1150606351550714,0.4230769230769231,False,149053,-0.14203611711058228,0.11831125714842616,-0.16869331052421696,57.0
"squeeze[bb_length=30, kc_length=20, kc_mult=2.0]",squeeze,"bb_length=30, kc_length=20, kc_mult=2.0",5m,6,806,-0.14027923981977683,-3.0366669980843035,0.4094292803970223,False,149053,-0.37311857691091543,0.051840583834131086,-0.12174141318944537,65.0
"squeeze[bb_length=30, kc_length=20, kc_mult=2.0]",squeeze,"bb_length=30, kc_length=20, kc_mult=2.0",5m,12,806,-0.07860510383544837,-3.4919706834515036,0.4478908188585608,False,149053,-0.24867870526710342,0.09167163652642005,-0.09860865109816673,60.0
"squeeze[bb_length=30, kc_length=20, kc_mult=2.0]",squeeze,"bb_length=30, kc_length=20, kc_mult=2.0",5m,24,806,-0.15621884186036758,-4.1721916171082345,0.44168734491315137,False,149053,-0.46828693566135837,0.1070977170810921,-0.13789655209147325,60.0
"squeeze[bb_length=30, kc_length=20, kc_mult=2.0]",squeeze,"bb_length=30, kc_length=20, kc_mult=2.0",5m,48,806,-0.17342896644073744,-3.2352142880948858,0.46153846153846156,False,149053,-0.753132010166298,0.24833237249331197,-0.06391710065399393,59.0
"squeeze[bb_length=30, kc_length=30, kc_mult=1.0]",squeeze,"bb_length=30, kc_length=30, kc_mult=1.0",5m,1,341,0.035488213411572975,1.2321729204496608,0.5043988269794721,False,0,0.03880734800308976,0.11259767522783946,-0.030988335736117638,6.0
"squeeze[bb_length=30, kc_length=30, kc_mult=1.0]",squeeze,"bb_length=30, kc_length=30, kc_mult=1.0",5m,3,341,-0.01563354953982819,-0.5905695457253586,0.49560117302052786,False,0,0.3799593625909189,-0.034041286819542056,-0.11124747938884398,36.0
"squeeze[bb_length=30, kc_length=30, kc_mult=1.0]",squeeze,"bb_length=30, kc_length=30, kc_mult=1.0",5m,6,341,0.012638790361659071,0.2121426507241178,0.49266862170087977,False,0,0.25060035996468305,0.028079328883604752,-0.06741235883284527,19.0
"squeeze[bb_length=30, kc_length=30, kc_mult=1.0]",squeeze,"bb_length=30, kc_length=30, kc_mult=1.0",5m,12,341,0.04992462522799702,1.9174261362909557,0.5278592375366569,False,0,0.33462907645472273,0.17778620116431815,-0.1388308412253926,18.0
"squeeze[bb_length=30, kc_length=30, kc_mult=1.0]",squeeze,"bb_length=30, kc_length=30, kc_mult=1.0",5m,24,341,-0.1948259624338851,-6.27045735112038,0.5102639296187683,False,0,0.7981058478891261,-0.022621661422854423,-0.620461689946608,62.0
"squeeze[bb_length=30, kc_length=30, kc_mult=1.0]",squeeze,"bb_length=30, kc_length=30, kc_mult=1.0",5m,48,341,-0.039325717273324144,-4.054897420815291,0.501466275659824,False,0,1.615325253783246,0.04902739503625811,-0.5797964483461294,46.0
"squeeze[bb_length=30, kc_length=30, kc_mult=1.5]",squeeze,"bb_length=30, kc_length=30, kc_mult=1.5",5m,1,5924,0.002195125126165229,-0.0604387918010237,0.474848075624578,False,0,-0.01256253622906917,0.008789866193163028,0.006688043730212456,33.0
"squeeze[bb_length=30, kc_length=30, kc_mult=1.5]",squeeze,"bb_length=30, kc_length=30, kc_mult=1.5",5m,3,5924,-0.00275034748794974,-0.06347812188210694,0.46556380823767723,False,0,-0.03869166609012615,-0.009266788190314386,0.03364469375983482,23.0
"squeeze[bb_length=30, kc_length=30, kc_mult=1.5]",squeeze,"bb_length=30, kc_length=30, kc_mult=1.5",5m,6,5924,-0.018684371263885703,-0.6702402559695089,0.475354490209318,False,0,-0.05845697327518342,-0.0133065421809412,0.00739816229247099,40.0
"squeeze[bb_length=30, kc_length=30, kc_mult=1.5]",squeeze,"bb_length=30, kc_length=30, kc_mult=1.5",5m,12,5924,0.0038202547918667114,-0.38294559412993945,0.47197839297771776,False,0,-0.03156792592886636,0.03682839727472686,-0.004789954025274591,32.0
"squeeze[bb_length=30, kc_length=30, kc_mult=1.5]",squeeze,"bb_length=30, kc_length=30, kc_mult=1.5",5m,24,5924,-0.07095159152743406,-1.4611498665760658,0.4836259284267387,True,0,-0.12368901408792382,-0.05044304445834726,-0.05144822601009694,55.0
"squeeze[bb_length=30, kc_length=30, kc_mult=1.5]",squeeze,"bb_length=30, kc_length=30, kc_mult=1.5",5m,48,5924,0.023685487256889685,1.2494453116939837,0.4844699527346388,False,0,-0.04921326308009462,0.060861274318705215,0.040693884796032996,29.0
"squeeze[bb_length=30, kc_length=30, kc_mult=2.0]",squeeze,"bb_length=30, kc_length=30, kc_mult=2.0",5m,1,10555,0.009168323823365958,0.26512424998331285,0.46963524396020845,True,0,0.018753963645707732,0.00676266842626567,0.001792354389047572,19.0
"squeeze[bb_length=30, kc_length=30, kc_mult=2.0]",squeeze,"bb_length=30, kc_length=30, kc_mult=2.0",5m,3,10555,-0.009186730858217085,0.052009736177039405,0.46366650876361915,False,0,-0.025860765077362145,0.0023368835680775,-0.003892890036734024,31.0
"squeeze[bb_length=30, kc_length=30, kc_mult=2.0]",squeeze,"bb_length=30, kc_length=30, kc_mult=2.0",5m,6,10555,-0.01682602093319213,0.14668357348622194,0.4622453813358598,False,0,-0.043727806199382296,-0.008467308900545693,0.002223825331597509,36.0
"squeeze[bb_length=30, kc_length=30, kc_mult=2.0]",squeeze,"bb_length=30, kc_length=30, kc_mult=2.0",5m,12,10555,0.012507548366335339,-0.005737382825795323,0.47617243012790145,False,0,0.01688081389114332,-0.009844711157661475,0.03096908668739914,28.0
"squeeze[bb_length=30, kc_length=30, kc_mult=2.0]",squeeze,"bb_length=30, kc_length=30, kc_mult=2.0",5m,24,10555,-0.05333176508609918,-1.6838012665218587,0.466887730933207,True,0,-0.03992570537396051,-0.0774252466693667,-0.04236062672935025,51.0
"squeeze[bb_length=30, kc_length=30, kc_mult=2.0]",squeeze,"bb_length=30, kc_length=30, kc_mult=2.0",5m,48,10553,-0.020126218935435407,-0.4564007115802883,0.4733251208187245,False,0,-0.021740584538586863,0.028346114686664425,-0.06824455230736667,43.0
"adx[length=7, threshold=15.0]",adx,"length=7, threshold=15.0",15m,1,995,-0.05914754495355156,-2.590765851439407,0.44120603015075377,True,0,-0.08632900935378074,-0.041948835011514495,-0.04096505663836057,62.0
"adx[length=7, threshold=15.0]",adx,"length=7, threshold=15.0",15m,3,995,-0.030739511642949826,-2.152903867370502,0.4653266331658292,True,0,-0.03623097102143248,-0.0208790850888384,-0.0340042931710667,56.0
"adx[length=7, threshold=15.0]",adx,"length=7, threshold=15.0",15m,6,995,-0.023398210816042157,-1.7938756704821677,0.4864321608040201,False,0,-0.024621641790478304,0.015688565872631774,-0.06420673309377449,51.0
"adx[length=7, threshold=15.0]",adx,"length=7, threshold=15.0",15m,12,995,-0.09763588567778039,-5.409751152551878,0.4864321608040201,False,0,0.025920569981727613,-0.1154060351091625,-0.24592067355692623,55.0
"adx[length=7, threshold=15.0]",adx,"length=7, threshold=15.0",15m,24,995,-0.10843617106130184,-4.457710504998105,0.471356783919598,False,0,0.08836297878120966,-0.11607224081975703,-0.36707818086790944,55.0
"adx[length=7, threshold=15.0]",adx,"length=7, threshold=15.0",15m,48,993,-0.025002296274886312,-5.1559496012013035,0.4813695871097684,False,0,0.14389844773193478,0.07456417939475493,-0.3646293520621378,48.0
"adx[length=7, threshold=20.0]",adx,"length=7, threshold=20.0",15m,1,3282,-0.00957217476567449,-0.42740652524732853,0.45551492992078,False,0,-0.030291118755839175,-0.0011828661230492503,0.004011763067017004,51.0
"adx[length=7, threshold=20.0]",adx,"length=7, threshold=20.0",15m,3,3282,0.004912374027976944,-1.0618160912073977,0.4673979280926264,False,0,0.041859081583710545,-0.001341204811353095,-0.0278484880399079,32.0
"adx[length=7, threshold=20.0]",adx,"length=7, threshold=20.0",15m,6,3282,-0.026196569998217987,-2.6665555793737394,0.4692260816575259,False,0,0.014590040129241777,-0.042966783704101244,-0.052687098827455085,52.0
"adx[length=7, threshold=20.0]",adx,"length=7, threshold=20.0",15m,12,3282,-0.08156647334337404,-5.023250845563222,0.45886654478976235,True,0,-0.01343544549176802,-0.14095939953475925,-0.09504646043572118,54.0
"adx[length=7, threshold=20.0]",adx,"length=7, threshold=20.0",15m,24,3282,-0.013603139993480638,-1.4946964519588393,0.487812309567337,False,0,0.012393344764432643,-0.012697681757807618,-0.04185700998175447,46.0
"adx[length=7, threshold=20.0]",adx,"length=7, threshold=20.0",15m,48,3278,0.05184191439600494,-1.3986059037760885,0.4914582062233069,True,0,0.12325172452614419,0.016153061816049745,0.011625080883647658,30.0
"adx[length=7, threshold=25.0]",adx,"length=7, threshold=25.0",15m,1,5005,-0.0038489141347341446,-0.7616940092431846,0.46153846153846156,False,0,0.002517314306797552,-0.003408519537088839,-0.010505438641466306,41.0
"adx[length=7, threshold=25.0]",adx,"length=7, threshold=25.0",15m,3,5005,-0.002777263888965268,-1.7856463952442225,0.45854145854145856,False,0,-0.013830376262587122,0.04081923653658326,-0.03404166283521135,43.0
"adx[length=7, threshold=25.0]",adx,"length=7, threshold=25.0",15m,6,5005,0.007744162259086981,-0.7097779191751911,0.4757242757242757,False,0,-0.02201199833459054,0.03633694620066983,0.009269746247170488,43.0
"adx[length=7, threshold=25.0]",adx,"length=7, threshold=25.0",15m,12,5003,0.003217405898761263,-1.015461357795725,0.48211073355986406,False,0,-0.0184897842243926,0.0529615633680778,-0.023578366114454415,39.0
"adx[length=7, threshold=25.0]",adx,"length=7, threshold=25.0",15m,24,5002,0.052767300734754496,1.9239953699283796,0.4934026389444222,False,0,-0.020435954963312176,0.14636204808545733,0.03394472856533416,24.0
"adx[length=7, threshold=25.0]",adx,"length=7, threshold=25.0",15m,48,4999,0.09142002846720475,4.169791516977758,0.49249849969994,True,0,0.04469589437970825,0.21664247280854315,0.016197694073708115,25.0
"adx[length=7, threshold=30.0]",adx,"length=7, threshold=30.0",15m,1,5514,0.014151097288847872,0.46945922657808714,0.4591947769314472,False,0,-0.0027360817296381134,0.00713278829117222,0.037706737496277266,17.0
"adx[length=7, threshold=30.0]",adx,"length=7, threshold=30.0",15m,3,5514,0.01032314189487094,-0.3475962768602695,0.4735219441421835,False,0,-0.019346393889104706,0.029164470569349968,0.021324371191359468,28.0
"adx[length=7, threshold=30.0]",adx,"length=7, threshold=30.0",15m,6,5513,0.04014307294588839,1.3472225681598564,0.4808634137493198,True,0,0.01434871113921751,0.06435229866789335,0.042062588800877314,26.0
"adx[length=7, threshold=30.0]",adx,"length=7, threshold=30.0",15m,12,5512,0.040320684153109826,1.7983326274011828,0.4805878084179971,False,0,-0.0011279273468517011,0.1106694146642438,0.012737680787452632,25.0
"adx[length=7, threshold=30.0]",adx,"length=7, threshold=30.0",15m,24,5512,0.11038311160216123,5.025189651450906,0.49963715529753266,True,0,0.08695008372894093,0.22191944520638127,0.024800216745934432,17.0
"adx[length=7, threshold=30.0]",adx,"length=7, threshold=30.0",15m,48,5509,0.1462764089145783,6.626504332534835,0.4962788164821202,True,0,0.10086970665985152,0.3033146890266813,0.03806842284531657,20.0
"adx[length=10, threshold=15.0]",adx,"length=10, threshold=15.0",15m,1,1575,-0.02304986260965373,-1.3233648423542475,0.44634920634920633,True,0,-0.02980638650949259,-0.03390930585211691,-0.003677581938677679,56.0
"adx[length=10, threshold=15.0]",adx,"length=10, threshold=15.0",15m,3,1575,-0.028570815212474752,-3.1409831709673397,0.47174603174603175,True,0,-0.016158740693033788,-0.02497911707882934,-0.04746375318200433,55.0
"adx[length=10, threshold=15.0]",adx,"length=10, threshold=15.0",15m,6,1575,-0.07494352032302369,-5.005699768828195,0.45841269841269844,True,0,-0.06196789008477307,-0.0968190413848056,-0.06853551427390424,60.0
"adx[length=10, threshold=15.0]",adx,"length=10, threshold=15.0",15m,12,1575,-0.10557685457688266,-5.589995072983777,0.45206349206349206,True,0,-0.10453495194479609,-0.146363223024755,-0.06522774052408829,57.0
"adx[length=10, threshold=15.0]",adx,"length=10, threshold=15.0",15m,24,1575,-0.014743553026358464,-1.983021390581623,0.49206349206349204,False,0,-0.12295163798383879,0.041322419558491016,0.06078459979879686,47.0
"adx[length=10, threshold=15.0]",adx,"length=10, threshold=15.0",15m,48,1574,-0.05873512286397435,-5.613356197337135,0.49110546378653114,True,0,-0.07694025848982597,-0.055775107871832874,-0.03945956999666327,51.0
"adx[length=10, threshold=20.0]",adx,"length=10, threshold=20.0",15m,1,3189,-0.003631374099521503,-0.575050731169908,0.45782376920664786,False,0,-0.005232094117395437,0.03209432077905611,-0.036582094010349404,39.0
"adx[length=10, threshold=20.0]",adx,"length=10, threshold=20.0",15m,3,3189,0.008796506853956856,-0.7206593157105294,0.4681718407024146,False,0,3.395542443804178e-05,0.0288185499697108,-0.0013646016121210184,30.0
"adx[length=10, threshold=20.0]",adx,"length=10, threshold=20.0",15m,6,3188,0.028858802023724657,0.6295876403999214,0.4771016311166876,True,0,0.008511690587699941,0.053192220882750274,0.026730940394631024,35.0
"adx[length=10, threshold=20.0]",adx,"length=10, threshold=20.0",15m,12,3187,0.014031613119730007,-0.19541616073567705,0.47787888296203324,False,0,-0.04043063294968313,0.11075992236765435,-0.02235242546495758,31.0
"adx[length=10, threshold=20.0]",adx,"length=10, threshold=20.0",15m,24,3187,0.0475016885525429,3.038347188610278,0.4876058989645435,False,0,-0.04485929714376096,0.22053133020402746,-0.02291884148467119,26.0
"adx[length=10, threshold=20.0]",adx,"length=10, threshold=20.0",15m,48,3183,0.17902047068252772,8.56143951153198,0.5017279296261389,True,0,0.16290527651475675,0.34182609933690467,0.038016020749169474,17.0
"adx[length=10, threshold=25.0]",adx,"length=10, threshold=25.0",15m,1,3730,0.0015955881556762076,-0.46367496307071804,0.4597855227882037,False,0,0.02505806475238274,-0.020675700511314326,0.0002631698627050154,29.0
"adx[length=10, threshold=25.0]",adx,"length=10, threshold=25.0",15m,3,3730,0.0006378855721097476,-0.8274709240265563,0.46595174262734584,False,0,0.03582383099715355,0.021392750577119098,-0.05431033615006721,39.0
"adx[length=10, threshold=25.0]",adx,"length=10, threshold=25.0",15m,6,3730,0.02886122830802931,1.2909213959776318,0.4718498659517426,False,0,0.06574318808353123,0.039171259730043206,-0.01754487081994645,34.0
"adx[length=10, threshold=25.0]",adx,"length=10, threshold=25.0",15m,12,3730,0.03434065445701519,1.645824545246688,0.4882037533512064,False,0,0.08582267127602353,0.062217125827347834,-0.043620931811809135,26.0
"adx[length=10, threshold=25.0]",adx,"length=10, threshold=25.0",15m,24,3730,0.07571731134903437,4.693105917935617,0.4836461126005362,False,0,0.21301934622574792,0.08155552133761866,-0.06522102045642394,19.0
"adx[length=10, threshold=25.0]",adx,"length=10, threshold=25.0",15m,48,3727,0.09148722935266962,7.6259902251469684,0.48859672658975045,True,0,0.16643254505608146,0.10043820756426657,0.00892208677970342,24.0
"adx[length=10, threshold=30.0]",adx,"length=10, threshold=30.0",15m,1,3483,-0.0021268144293530413,0.16688200367260328,0.45535457938558715,False,0,0.016663990430256,0.0020883769263700075,-0.024224792675640403,36.0
"adx[length=10, threshold=30.0]",adx,"length=10, threshold=30.0",15m,3,3483,0.04331432408470421,1.5813159778709076,0.46683893195521103,True,0,0.07601145305169564,0.0023652623223715127,0.05237209288153597,14.0
"adx[length=10, threshold=30.0]",adx,"length=10, threshold=30.0",15m,6,3482,0.06759447842979646,2.7545242932678318,0.4816197587593337,True,0,0.10602956220663189,0.07038520987967672,0.028099117191673063,19.0
"adx[length=10, threshold=30.0]",adx,"length=10, threshold=30.0",15m,12,3482,0.09397422264099033,3.723937063706,0.48018380241240666,True,0,0.18595737624430467,0.05756096998848775,0.041890542500674484,15.0
"adx[length=10, threshold=30.0]",adx,"length=10, threshold=30.0",15m,24,3482,0.1536451832997085,7.357539532464609,0.4997128087306146,True,0,0.1933230030074584,0.1792371024180795,0.09050711775816005,14.0
"adx[length=10, threshold=30.0]",adx,"length=10, threshold=30.0",15m,48,3479,0.0913489249107688,3.590732326004678,0.48778384593273927,True,0,0.2118403496097177,0.05577402788051907,0.011187431847142267,26.0
"adx[length=14, threshold=15.0]",adx,"length=14, threshold=15.0",15m,1,1695,0.013782768086212574,-0.02959341375321537,0.4625368731563422,False,0,-0.014120135046262292,0.04965118070727179,0.00940034103256668,18.0
"adx[length=14, threshold=15.0]",adx,"length=14, threshold=15.0",15m,3,1695,0.024980477560815426,0.3757992888998301,0.4896755162241888,False,0,-0.004441121316939068,0.03364401867251396,0.0493558444247885,22.0
"adx[length=14, threshold=15.0]",adx,"length=14, threshold=15.0",15m,6,1695,0.04928558376421954,2.222012494858151,0.48908554572271384,True,0,0.02639973837408828,0.02191845717668539,0.1021642256242123,23.0
"adx[length=14, threshold=15.0]",adx,"length=14, threshold=15.0",15m,12,1695,0.030656258364270415,3.487209260838817,0.49262536873156343,False,0,-0.11115346515888141,0.1336536846174266,0.08724141230942688,27.0
"adx[length=14, threshold=15.0]",adx,"length=14, threshold=15.0",15m,24,1695,0.06805451890389548,5.585474217732665,0.49616519174041296,False,0,-0.122827000934747,0.21966776244032712,0.1313173173383852,20.0
"adx[length=14, threshold=15.0]",adx,"length=14, threshold=15.0",15m,48,1694,0.2691713727784245,11.126125841235485,0.5141676505312869,True,0,0.13956764048466183,0.3890697093914221,0.2950237125932585,12.0
"adx[length=14, threshold=20.0]",adx,"length=14, threshold=20.0",15m,1,2553,0.003008153570701929,0.16143833737530291,0.46337641989815903,False,0,-0.003433434798135318,0.033117491552633674,-0.02065959604239257,28.0
"adx[length=14, threshold=20.0]",adx,"length=14, threshold=20.0",15m,3,2553,0.021183848026719708,0.8377584458970408,0.47591069330199764,False,0,0.05948459508191495,0.03185835863059637,-0.027791409632352212,24.0
"adx[length=14, threshold=20.0]",adx,"length=14, threshold=20.0",15m,6,2553,0.07466638171484828,4.124994112155553,0.48962005483744614,True,0,0.08440801858611306,0.1015283805572154,0.03806274600121643,18.0
"adx[length=14, threshold=20.0]",adx,"length=14, threshold=20.0",15m,12,2553,0.05516820769059532,3.3366826808743513,0.4864864864864865,False,0,0.054067696836455535,0.1767227840692226,-0.06528585783389225,22.0
"adx[length=14, threshold=20.0]",adx,"length=14, threshold=20.0",15m,24,2553,0.059372106775027134,4.419054901619877,0.49980415197806505,False,0,0.08183435529411116,0.22546668126542077,-0.1291847162344505,22.0
"adx[length=14, threshold=20.0]",adx,"length=14, threshold=20.0",15m,48,2550,0.027802149855861512,2.026344128562052,0.4843137254901961,False,0,0.08637992673489626,0.08484716291135995,-0.08782064007867176,32.0
"adx[length=14, threshold=25.0]",adx,"length=14, threshold=25.0",15m,1,2540,0.029164802881946124,0.7845382971646157,0.4559055118110236,False,0,-0.0008731086347987817,0.04584529912279787,0.04145431413899669,12.0
"adx[length=14, threshold=25.0]",adx,"length=14, threshold=25.0",15m,3,2540,0.10345635424905666,4.072807036630013,0.48976377952755906,True,0,0.06213877216839329,0.0928180332282756,0.1544569559215775,8.0
"adx[length=14, threshold=25.0]",adx,"length=14, threshold=25.0",15m,6,2540,0.07908963962390018,2.3730815455582683,0.481496062992126,True,0,0.1195888733419397,0.04759608615343741,0.07166148710647745,16.0
"adx[length=14, threshold=25.0]",adx,"length=14, threshold=25.0",15m,12,2540,0.18390368437529747,7.527597417577197,0.4984251968503937,True,0,0.2902663604384989,0.18199767554039165,0.08235421675206937,4.0
"adx[length=14, threshold=25.0]",adx,"length=14, threshold=25.0",15m,24,2540,0.22282299281198614,9.66434609008591,0.502755905511811,True,0,0.30813119291812663,0.2467168038592232,0.11556388643369941,8.0
"adx[length=14, threshold=25.0]",adx,"length=14, threshold=25.0",15m,48,2537,0.2571142755114947,10.706977173959668,0.4966495861253449,True,0,0.2861301538329597,0.27454136819482644,0.21119051887243445,14.0
"adx[length=14, threshold=30.0]",adx,"length=14, threshold=30.0",15m,1,2046,0.060562066019852825,2.9817037500177426,0.47751710654936463,True,0,0.08029432046508539,0.04297087672821072,0.059357950709836564,6.0
"adx[length=14, threshold=30.0]",adx,"length=14, threshold=30.0",15m,3,2046,0.03363110310752911,1.305890408792796,0.4682306940371456,False,0,0.007437317665913509,0.10389343182924973,-0.00844598170885399,17.0
"adx[length=14, threshold=30.0]",adx,"length=14, threshold=30.0",15m,6,2046,0.10415473836534865,4.1624228553391145,0.48289345063538613,True,0,0.12995407319211674,0.11462992023653462,0.07141388586722079,10.0
"adx[length=14, threshold=30.0]",adx,"length=14, threshold=30.0",15m,12,2046,0.21957446450726853,9.42396365323029,0.4965786901270772,True,0,0.3201983586384641,0.17571365317702978,0.17075103283714282,3.0
"adx[length=14, threshold=30.0]",adx,"length=14, threshold=30.0",15m,24,2046,0.21092828058099553,9.749620776791701,0.4921798631476051,True,0,0.27215431569939214,0.11811351558370276,0.2427875187695313,10.0
"adx[length=14, threshold=30.0]",adx,"length=14, threshold=30.0",15m,48,2043,0.20036625822367793,8.848369901455872,0.48947626040137054,True,0,0.30679470456907,0.17871271348871007,0.12570899476869238,16.0
"adx[length=20, threshold=15.0]",adx,"length=20, threshold=15.0",15m,1,1538,0.012562857619599984,0.8595906229899591,0.4681404421326398,False,0,0.009547773266000774,-0.005399468903590501,0.03518778496852773,22.0
"adx[length=20, threshold=15.0]",adx,"length=20, threshold=15.0",15m,3,1538,0.026548655426536876,2.9833511169412783,0.4557867360208062,False,0,-0.008313474224901385,0.012345912550219426,0.08027138999172925,20.0
"adx[length=20, threshold=15.0]",adx,"length=20, threshold=15.0",15m,6,1538,0.09682132669801834,6.959512620116995,0.4830949284785436,True,0,0.049565744225817554,0.10751686942319497,0.13746760525806662,14.0
"adx[length=20, threshold=15.0]",adx,"length=20, threshold=15.0",15m,12,1538,0.12626309270579944,6.7719481703240785,0.4967490247074122,True,0,0.0847992818807642,0.14056071350370208,0.1566492748662528,9.0
"adx[length=20, threshold=15.0]",adx,"length=20, threshold=15.0",15m,24,1538,0.18654675662068662,10.85808649406236,0.5006501950585176,True,0,0.019412774658816117,0.29780782076170403,0.2514099653279383,11.0
"adx[length=20, threshold=15.0]",adx,"length=20, threshold=15.0",15m,48,1536,0.21205599358367921,8.147750978609151,0.4934895833333333,True,0,0.16798899852091373,0.2248006151631154,0.24696387173512277,15.0
"adx[length=20, threshold=20.0]",adx,"length=20, threshold=20.0",15m,1,1794,0.02380086558797551,1.7625935909542814,0.4620958751393534,True,0,0.012101209060814348,0.0025780728904571896,0.05616752994476579,15.0
"adx[length=20, threshold=20.0]",adx,"length=20, threshold=20.0",15m,3,1794,0.021833929084128467,1.3658606336832884,0.46711259754738016,True,0,0.039688829411625215,0.020920147918837388,0.006014411101350239,23.0
"adx[length=20, threshold=20.0]",adx,"length=20, threshold=20.0",15m,6,1794,0.04143994433414747,1.933080329841739,0.46153846153846156,True,0,0.08127243193740678,0.03484704506191482,0.010739927473211147,24.0
"adx[length=20, threshold=20.0]",adx,"length=20, threshold=20.0",15m,12,1794,0.11133256638917992,5.90317053681881,0.47435897435897434,False,0,0.2064058050771978,0.1961440863428122,-0.0633161898380589,10.0
"adx[length=20, threshold=20.0]",adx,"length=20, threshold=20.0",15m,24,1794,0.0887329215034087,3.4877219330387548,0.47435897435897434,False,0,0.26518423299242677,0.10411732115000528,-0.09221900007826564,18.0
"adx[length=20, threshold=20.0]",adx,"length=20, threshold=20.0",15m,48,1791,0.013454686705138432,-0.48848026311570564,0.47794528196538244,False,0,0.10549621892556987,0.04627390071079136,-0.10592335860918912,34.0
"adx[length=20, threshold=25.0]",adx,"length=20, threshold=25.0",15m,1,1486,0.024830039577387126,1.356323719005154,0.4730820995962315,False,0,-0.007396562865384138,0.03244376941297975,0.04721210074272987,13.0
"adx[length=20, threshold=25.0]",adx,"length=20, threshold=25.0",15m,3,1486,0.029082786289909443,1.6028213447451125,0.4899057873485868,False,0,-0.004874894735051513,0.07817003993731673,0.013663727165116041,18.0
"adx[length=20, threshold=25.0]",adx,"length=20, threshold=25.0",15m,6,1486,0.08697687618574132,4.580206199426001,0.4919246298788694,True,0,0.06624607793861191,0.0672976798096245,0.12471823638397116,15.0
"adx[length=20, threshold=25.0]",adx,"length=20, threshold=25.0",15m,12,1486,0.1262840071985716,7.4769826936344925,0.4919246298788694,True,0,0.11204804635410145,0.08697410573583478,0.176702518553078,8.0
"adx[length=20, threshold=25.0]",adx,"length=20, threshold=25.0",15m,24,1485,0.14277687777120548,6.6353121828088515,0.4922558922558923,True,0,0.22456445704601583,0.09702682000973903,0.1112323377385928,15.0
"adx[length=20, threshold=25.0]",adx,"length=20, threshold=25.0",15m,48,1482,0.29568763979871815,12.888401741570721,0.4993252361673414,True,0,0.21449600810487096,0.21264609452542726,0.44899176388395884,7.0
"adx[length=20, threshold=30.0]",adx,"length=20, threshold=30.0",15m,1,1073,0.03916330300252486,0.6230132062466668,0.4930102516309413,False,0,0.16698348706678556,0.01128466273806617,-0.05206193128872524,10.0
"adx[length=20, threshold=30.0]",adx,"length=20, threshold=30.0",15m,3,1073,0.13970387040059615,3.761682112785043,0.4846225535880708,False,0,0.3518831886880217,0.08519738852936386,-0.003226520628400038,4.0
"adx[length=20, threshold=30.0]",adx,"length=20, threshold=30.0",15m,6,1073,0.1531796678261075,3.7064639534636865,0.46318732525629075,False,0,0.35721206371036196,0.19957575738005773,-0.08635696266803565,4.0
"adx[length=20, threshold=30.0]",adx,"length=20, threshold=30.0",15m,12,1073,0.3211269513998587,7.98391582100126,0.47157502329916123,True,0,0.6341309749281165,0.26553667117264496,0.08463612189479303,2.0
"adx[length=20, threshold=30.0]",adx,"length=20, threshold=30.0",15m,24,1072,0.40381625969860263,13.304427698050716,0.5158582089552238,True,0,0.5245426857624507,0.38614798629556973,0.30843850287551045,2.0
"adx[length=20, threshold=30.0]",adx,"length=20, threshold=30.0",15m,48,1071,0.4362532503517216,8.17108281777462,0.49673202614379086,True,0,0.6457090563922834,0.3668434313689628,0.3107391792790432,4.0
"adx[length=28, threshold=15.0]",adx,"length=28, threshold=15.0",15m,1,1271,-0.023175543967221313,-0.17012282850418514,0.45476003147128247,False,0,-0.0905408653085908,-0.015461968870006577,0.03671049310932547,57.0
"adx[length=28, threshold=15.0]",adx,"length=28, threshold=15.0",15m,3,1271,0.012959211039529378,0.9768938869275278,0.47128245476003144,False,0,-0.05225558999726989,-0.04254644957682846,0.13199375309452607,26.0
"adx[length=28, threshold=15.0]",adx,"length=28, threshold=15.0",15m,6,1271,0.06565887660091282,2.421996227407796,0.4846577498033045,False,0,-0.023125516684479087,0.029207515863241044,0.18978746312493505,20.0
"adx[length=28, threshold=15.0]",adx,"length=28, threshold=15.0",15m,12,1271,0.09452655073812231,4.544943387849372,0.47128245476003144,True,0,0.040852088323168015,0.08434025900998773,0.15807790816984257,14.0
"adx[length=28, threshold=15.0]",adx,"length=28, threshold=15.0",15m,24,1271,0.16305000626646576,6.610388061249254,0.47364280094413846,False,0,-0.008314950874682979,0.1832757014117411,0.31480360012422837,13.0
"adx[length=28, threshold=15.0]",adx,"length=28, threshold=15.0",15m,48,1268,0.2645518161462888,5.601981538686573,0.4794952681388013,True,0,0.08202971185405702,0.4408634804449286,0.2761300585658349,13.0
"adx[length=28, threshold=20.0]",adx,"length=28, threshold=20.0",15m,1,1124,0.05091676018762276,1.0162865427473111,0.4822064056939502,False,0,0.12421486044073217,0.05590385368698204,-0.01917903073902332,8.0
"adx[length=28, threshold=20.0]",adx,"length=28, threshold=20.0",15m,3,1124,0.09281018734923784,2.973316599942931,0.5,True,0,0.19253261032735078,0.07043183971924373,0.025497556096573167,9.0
"adx[length=28, threshold=20.0]",adx,"length=28, threshold=20.0",15m,6,1124,0.15682816132869423,5.708825677388298,0.4893238434163701,True,0,0.27579528144607807,0.09543338144788283,0.10990217760693236,3.0
"adx[length=28, threshold=20.0]",adx,"length=28, threshold=20.0",15m,12,1124,0.11078197407500974,2.2848475234671066,0.4653024911032028,True,0,0.24988907977230046,0.057987074002856485,0.03764155028718502,11.0
"adx[length=28, threshold=20.0]",adx,"length=28, threshold=20.0",15m,24,1124,0.21564138119247564,5.431945838504679,0.48665480427046265,True,0,0.40325325760050573,0.12016716873553819,0.14034432002993924,9.0
"adx[length=28, threshold=20.0]",adx,"length=28, threshold=20.0",15m,48,1122,0.27364073075253537,3.404378064719172,0.47593582887700536,True,0,0.4440164200318946,0.10577705495635062,0.28292979567340765,11.0
"adx[length=28, threshold=25.0]",adx,"length=28, threshold=25.0",15m,1,804,0.08754243033920243,4.577545733725047,0.5174129353233831,True,0,0.13289169758866162,0.044341385644261,0.09296125164536898,3.0
"adx[length=28, threshold=25.0]",adx,"length=28, threshold=25.0",15m,3,804,0.11830891975963596,3.6738576718882956,0.5024875621890548,False,0,0.36689556385384303,0.0222417877088109,-0.003156535293131721,6.0
"adx[length=28, threshold=25.0]",adx,"length=28, threshold=25.0",15m,6,804,0.19408625575033392,6.32631049908823,0.4925373134328358,True,0,0.30932508128898395,0.18830293144024352,0.09615622100402137,2.0
"adx[length=28, threshold=25.0]",adx,"length=28, threshold=25.0",15m,12,804,0.3748572993956179,12.647241622447144,0.48756218905472637,True,0,0.6025439942078955,0.23706552562388433,0.317094561838607,1.0
"adx[length=28, threshold=25.0]",adx,"length=28, threshold=25.0",15m,24,803,0.40135693137499073,16.33812810498788,0.5168119551681195,True,0,0.4781102871314863,0.2990948748139884,0.44145291486219324,3.0
"adx[length=28, threshold=25.0]",adx,"length=28, threshold=25.0",15m,48,803,0.4800888456083867,9.941838607169334,0.5093399750933998,True,0,0.7062693105793718,0.20677167358350934,0.5682393243575319,3.0
"adx[length=28, threshold=30.0]",adx,"length=28, threshold=30.0",15m,1,549,-0.021474704864914537,-2.6058101427007943,0.45901639344262296,False,0,0.003359784327139392,-0.00996536942684891,-0.05793502868492538,55.0
"adx[length=28, threshold=30.0]",adx,"length=28, threshold=30.0",15m,3,549,-0.03413654199593192,-4.663302962262834,0.46083788706739526,False,0,-0.03232469890221395,0.028328813633680647,-0.09977665049632146,58.0
"adx[length=28, threshold=30.0]",adx,"length=28, threshold=30.0",15m,6,549,0.10184500545063008,0.8597733077034799,0.4644808743169399,True,0,0.051335965760541426,0.009707498912297276,0.2462390296266518,12.0
"adx[length=28, threshold=30.0]",adx,"length=28, threshold=30.0",15m,12,549,0.13552258373042306,4.814325088051309,0.48633879781420764,False,0,-0.09473886162073743,0.3040586835558717,0.19227866637342642,7.0
"adx[length=28, threshold=30.0]",adx,"length=28, threshold=30.0",15m,24,549,0.39037796235446715,16.370737540098084,0.49544626593806923,False,0,-0.08345875580425721,0.5482179924831709,0.7003021402818858,4.0
"adx[length=28, threshold=30.0]",adx,"length=28, threshold=30.0",15m,48,549,0.6797424587301724,18.15269094439379,0.5045537340619308,True,0,0.4868597694772988,0.9153805159516764,0.6307484373651739,2.0
"wavetrend[n1=6, n2=12, mode=all]",wavetrend,"n1=6, n2=12, mode=all",15m,1,28475,-0.0015244323321198482,0.06955867729855468,0.4817910447761194,False,0,-0.012522174910970312,-0.001930361961914457,0.009912488709788838,34.0
"wavetrend[n1=6, n2=12, mode=all]",wavetrend,"n1=6, n2=12, mode=all",15m,3,28472,0.002784936250724437,-0.22299429091950068,0.4904818769317224,True,0,0.0013742688633265113,0.003078125811874408,0.003905074653582632,35.0
"wavetrend[n1=6, n2=12, mode=all]",wavetrend,"n1=6, n2=12, mode=all",15m,6,28472,0.019588244291846933,0.4567089040675912,0.49736583309918514,True,0,0.010780350141130539,0.026032413533575865,0.021947138704946932,41.0
"wavetrend[n1=6, n2=12, mode=all]",wavetrend,"n1=6, n2=12, mode=all",15m,12,28470,0.0027073606065785715,-0.4268439259334467,0.4920266947664208,False,0,-0.0050307593224094916,0.007005857208993178,0.006147440165085959,42.0
"wavetrend[n1=6, n2=12, mode=all]",wavetrend,"n1=6, n2=12, mode=all",15m,24,28464,0.01794187601900663,0.2946984009169948,0.49711916807195056,True,0,0.014592256174934315,0.008669449417882107,0.03061587463182643,38.0
"wavetrend[n1=6, n2=12, mode=all]",wavetrend,"n1=6, n2=12, mode=all",15m,48,28448,0.0014578132792156218,-0.21383604794483602,0.49883998875140606,False,0,-0.007058639599844339,0.004862875891427061,0.006575153270328268,35.0
"wavetrend[n1=6, n2=12, mode=zone]",wavetrend,"n1=6, n2=12, mode=zone",15m,1,3571,-0.0010347074472029742,0.26915731166796764,0.5147017642117054,False,0,-0.020439701897177767,-0.001083440125705327,0.01739427008967813,32.0
"wavetrend[n1=6, n2=12, mode=zone]",wavetrend,"n1=6, n2=12, mode=zone",15m,3,3570,-0.025189495925654507,-1.187345087229047,0.5120448179271708,True,0,-0.016786126841633837,-0.050109759714171566,-0.009550136926653886,52.0
"wavetrend[n1=6, n2=12, mode=zone]",wavetrend,"n1=6, n2=12, mode=zone",15m,6,3570,-0.04703420785548477,-1.781895320073184,0.519327731092437,True,0,-0.04222372172794414,-0.053575347293784055,-0.04539869075829209,56.0
"wavetrend[n1=6, n2=12, mode=zone]",wavetrend,"n1=6, n2=12, mode=zone",15m,12,3570,-0.10871169137239797,-4.258705617994245,0.5131652661064425,True,0,-0.06296576231365131,-0.1496755756668516,-0.11327874264064862,58.0
"wavetrend[n1=6, n2=12, mode=zone]",wavetrend,"n1=6, n2=12, mode=zone",15m,24,3570,-0.0683980281988837,-3.046386349595061,0.5070028011204482,True,0,-0.02563814096046611,-0.14973780463577405,-0.031886632662324284,52.0
"wavetrend[n1=6, n2=12, mode=zone]",wavetrend,"n1=6, n2=12, mode=zone",15m,48,3569,-0.17574862744439118,-4.733562031963033,0.5141496217427851,True,0,-0.3325554255165237,-0.1153658507035675,-0.08423163921261372,58.0
"wavetrend[n1=6, n2=21, mode=all]",wavetrend,"n1=6, n2=21, mode=all",15m,1,26155,-0.00019570936657350768,0.18987228696276373,0.47918180080290573,False,0,-0.0030339630971978897,-0.009612887171101397,0.012149213372575919,31.0
"wavetrend[n1=6, n2=21, mode=all]",wavetrend,"n1=6, n2=21, mode=all",15m,3,26152,-0.0011837511416517552,-0.4584178273392668,0.4913199755276843,False,0,0.0030741544274351484,-0.006380477821844515,-0.0001747801021545661,42.0
"wavetrend[n1=6, n2=21, mode=all]",wavetrend,"n1=6, n2=21, mode=all",15m,6,26152,0.027429149896552804,0.8029570576110083,0.4960232486999082,True,0,0.01614697538152791,0.03363674859637252,0.03239784477691272,38.0
"wavetrend[n1=6, n2=21, mode=all]",wavetrend,"n1=6, n2=21, mode=all",15m,12,26152,0.00800847780420972,-0.2456067301407632,0.49109054756806364,True,0,0.0009961825128005342,0.012007476128791664,0.010954476967208597,33.0
"wavetrend[n1=6, n2=21, mode=all]",wavetrend,"n1=6, n2=21, mode=all",15m,24,26146,0.023124909082654698,0.4770035096405451,0.49617532318519086,True,0,0.020772223024172868,0.01309428811628769,0.035605960082327304,33.0
"wavetrend[n1=6, n2=21, mode=all]",wavetrend,"n1=6, n2=21, mode=all",15m,48,26132,-0.001283352657424571,-0.2858447746588358,0.49869891320985765,False,0,-0.01203118483848246,0.0035644528759329586,0.004524546896610622,39.0
"wavetrend[n1=6, n2=21, mode=zone]",wavetrend,"n1=6, n2=21, mode=zone",15m,1,1242,-0.014626216400361417,-0.38293921295252653,0.4919484702093398,False,0,0.030279823882800618,-0.030915189581187084,-0.04399247793659392,53.0
"wavetrend[n1=6, n2=21, mode=zone]",wavetrend,"n1=6, n2=21, mode=zone",15m,3,1242,-0.10898763114862907,-5.520083637078771,0.4887278582930757,True,0,-0.028224766014281893,-0.11077419109971136,-0.18971490558984658,64.0
"wavetrend[n1=6, n2=21, mode=zone]",wavetrend,"n1=6, n2=21, mode=zone",15m,6,1242,-0.09238633794394478,-3.780884806492218,0.5161030595813204,True,0,-0.05288303838844446,-0.038121577205370565,-0.18781972405814393,62.0
"wavetrend[n1=6, n2=21, mode=zone]",wavetrend,"n1=6, n2=21, mode=zone",15m,12,1242,-0.14965304728566106,-4.500491294062094,0.5265700483091788,True,0,-0.14565151248269093,-0.20003027583256994,-0.10262637662716304,62.0
"wavetrend[n1=6, n2=21, mode=zone]",wavetrend,"n1=6, n2=21, mode=zone",15m,24,1242,-0.1651693715808555,-2.4871936016837335,0.5080515297906603,True,0,-0.25810662615834284,-0.17397028024490901,-0.06125702559314911,58.0
"wavetrend[n1=6, n2=21, mode=zone]",wavetrend,"n1=6, n2=21, mode=zone",15m,48,1242,-0.32651088968171416,-2.1605140375346257,0.5088566827697263,False,0,-0.9329772641030336,-0.3858551480504118,0.35351554486870435,61.0
"wavetrend[n1=6, n2=34, mode=all]",wavetrend,"n1=6, n2=34, mode=all",15m,1,24718,-0.005511918467682088,-0.11785311542580186,0.47479569544461525,False,0,-0.008723111349059549,-0.009237340085213248,0.0015103142281439593,43.0
"wavetrend[n1=6, n2=34, mode=all]",wavetrend,"n1=6, n2=34, mode=all",15m,3,24715,-0.00639373551807367,-0.6664880279987362,0.48889338458426057,False,0,-0.00906278665202582,5.6891066929535935e-06,-0.010212111842203924,44.0
"wavetrend[n1=6, n2=34, mode=all]",wavetrend,"n1=6, n2=34, mode=all",15m,6,24715,0.02544977895877287,0.6371631043956045,0.49378919684402184,True,0,0.012151725660338255,0.035532249520383495,0.02859235137841429,39.0
"wavetrend[n1=6, n2=34, mode=all]",wavetrend,"n1=6, n2=34, mode=all",15m,12,24715,0.006285186691139699,-0.37918286158384407,0.4906736799514465,False,0,-0.002751670610697945,0.014834664971019694,0.006694491084009503,36.0
"wavetrend[n1=6, n2=34, mode=all]",wavetrend,"n1=6, n2=34, mode=all",15m,24,24709,0.020968316620347878,0.4385135395500598,0.4952851187826298,True,0,0.009626922675013043,0.02141982410976411,0.031932525156394345,36.0
"wavetrend[n1=6, n2=34, mode=all]",wavetrend,"n1=6, n2=34, mode=all",15m,48,24695,-0.007918375016191359,-0.6931759664442042,0.4984814739825876,False,0,-0.01916400556387014,0.0019840736339380963,-0.006662818259311807,43.0
"wavetrend[n1=6, n2=34, mode=zone]",wavetrend,"n1=6, n2=34, mode=zone",15m,1,282,0.005081187983263077,-0.018390800726076288,0.5177304964539007,False,0,0.07625543024890155,-0.0001450489171742027,-0.05330463433681992,27.0
"wavetrend[n1=6, n2=34, mode=zone]",wavetrend,"n1=6, n2=34, mode=zone",15m,3,282,-0.07223215036648983,-1.3633234946003034,0.4645390070921986,False,0,-0.10603347576054996,0.004533183096095318,-0.1283724587586446,61.0
"wavetrend[n1=6, n2=34, mode=zone]",wavetrend,"n1=6, n2=34, mode=zone",15m,6,282,-0.11123835974427451,-4.698929061286753,0.4929078014184397,True,0,-0.0025801845979588215,-0.12718771846691246,-0.19137388712506515,65.0
"wavetrend[n1=6, n2=34, mode=zone]",wavetrend,"n1=6, n2=34, mode=zone",15m,12,282,-0.22665323493178563,-13.235656258906582,0.5070921985815603,True,0,-0.08672862937251764,-0.42508224985722337,-0.1290039908436949,63.0
"wavetrend[n1=6, n2=34, mode=zone]",wavetrend,"n1=6, n2=34, mode=zone",15m,24,282,-0.3496098376741713,-19.420095933165076,0.5106382978723404,True,0,-0.05729622706912655,-0.5087789318137659,-0.43392799257918574,62.0
"wavetrend[n1=6, n2=34, mode=zone]",wavetrend,"n1=6, n2=34, mode=zone",15m,48,282,-1.1359321700449272,-46.94720576177592,0.48226950354609927,True,0,-0.7543321024883615,-1.7152321613020112,-0.8265548215799566,65.0
"wavetrend[n1=10, n2=12, mode=all]",wavetrend,"n1=10, n2=12, mode=all",15m,1,24497,-0.0010884981912936689,0.1084534067753756,0.47920153488182227,False,0,-0.005938738117716334,-0.0074813530246458275,0.010231137246042469,33.0
"wavetrend[n1=10, n2=12, mode=all]",wavetrend,"n1=10, n2=12, mode=all",15m,3,24494,0.0020592112377469064,-0.36582813542983966,0.4918755613619662,False,0,0.001156350295017143,-0.004593317402064875,0.009661113350864106,38.0
"wavetrend[n1=10, n2=12, mode=all]",wavetrend,"n1=10, n2=12, mode=all",15m,6,24494,0.027679737879499927,0.8883543118121159,0.49408018290193517,True,0,0.014554219011306775,0.03386418663939547,0.034689259468781625,37.0
"wavetrend[n1=10, n2=12, mode=all]",wavetrend,"n1=10, n2=12, mode=all",15m,12,24494,0.003012400438156842,-0.5981040675778982,0.49150812443863806,True,0,0.00019020648319334737,0.0010044066697187377,0.007877019847046045,40.0
"wavetrend[n1=10, n2=12, mode=all]",wavetrend,"n1=10, n2=12, mode=all",15m,24,24488,0.02518655102250131,0.4257880072104333,0.49738647500816724,True,0,0.027052172756812813,0.010087070014445948,0.0384946884101721,30.0
"wavetrend[n1=10, n2=12, mode=all]",wavetrend,"n1=10, n2=12, mode=all",15m,48,24472,0.0010922175151805175,-0.36970758869638776,0.499182739457339,False,0,-0.0019345018442851326,0.000415856869577612,0.004823694464533527,37.0
"wavetrend[n1=10, n2=12, mode=zone]",wavetrend,"n1=10, n2=12, mode=zone",15m,1,5680,-0.0030116805672754095,0.05666988933313861,0.5047535211267605,False,0,-0.008409247280493177,-0.009075412247004293,0.008211864464610816,38.0
"wavetrend[n1=10, n2=12, mode=zone]",wavetrend,"n1=10, n2=12, mode=zone",15m,3,5678,-0.020300264244079894,-1.3042456294047682,0.5086297992250792,False,0,-0.015579766414361401,-0.049503940198096,0.00330872587606471,50.0
"wavetrend[n1=10, n2=12, mode=zone]",wavetrend,"n1=10, n2=12, mode=zone",15m,6,5678,-0.008471496121155562,-0.9791562504103374,0.5170834800986263,False,0,-0.009753794474343791,-0.019723641612228657,0.0037002545515127643,48.0
"wavetrend[n1=10, n2=12, mode=zone]",wavetrend,"n1=10, n2=12, mode=zone",15m,12,5678,-0.04175301944602241,-3.884365898976142,0.5169073617470941,False,0,0.009885582840576968,-0.09403577272882188,-0.04231363777223234,49.0
"wavetrend[n1=10, n2=12, mode=zone]",wavetrend,"n1=10, n2=12, mode=zone",15m,24,5677,-0.026206389289755196,-3.729080894354865,0.5129469790382244,False,0,0.06811920267353218,-0.13883386452937263,-0.01069963975597157,49.0
"wavetrend[n1=10, n2=12, mode=zone]",wavetrend,"n1=10, n2=12, mode=zone",15m,48,5671,-0.11406539789423072,-4.677189324389799,0.5173690707106331,True,0,-0.030465610252443043,-0.21878333772442574,-0.09558304827752137,54.0
"wavetrend[n1=10, n2=21, mode=all]",wavetrend,"n1=10, n2=21, mode=all",15m,1,22334,-0.006357882201492098,-0.22010770529453305,0.4752395450882063,False,0,-0.0071218110180007385,-0.015782215038535333,0.003975142413963415,45.0
"wavetrend[n1=10, n2=21, mode=all]",wavetrend,"n1=10, n2=21, mode=all",15m,3,22331,-0.000111127860200709,-0.5558766950226304,0.49169316197214635,False,0,0.001657597590172195,-0.0029399150624931465,0.0009899624510603913,40.0
"wavetrend[n1=10, n2=21, mode=all]",wavetrend,"n1=10, n2=21, mode=all",15m,6,22331,0.0335510800512716,0.931820073412036,0.4951860642156643,True,0,0.022697645853542364,0.038551857392914106,0.03934059940474778,28.0
"wavetrend[n1=10, n2=21, mode=all]",wavetrend,"n1=10, n2=21, mode=all",15m,12,22331,0.010294155033130485,-0.2754477991099376,0.49330527069992386,True,0,0.0045852515215334235,0.009440122901698295,0.016877067140087347,32.0
"wavetrend[n1=10, n2=21, mode=all]",wavetrend,"n1=10, n2=21, mode=all",15m,24,22325,0.02281536781943347,0.2404637083101437,0.49531914893617024,True,0,0.02220486717974622,0.012293077517374342,0.03410955766806943,35.0
"wavetrend[n1=10, n2=21, mode=all]",wavetrend,"n1=10, n2=21, mode=all",15m,48,22313,-0.003437321462093528,-0.6080418928516123,0.49867790077533275,False,0,-0.007035906055340687,-0.004170595385676525,0.0009101173189929401,41.0
"wavetrend[n1=10, n2=21, mode=zone]",wavetrend,"n1=10, n2=21, mode=zone",15m,1,3075,0.013422962238930764,0.5894626175474409,0.5141463414634146,False,0,0.03095469634180133,-0.0051335370802270824,0.014486700394979323,20.0
"wavetrend[n1=10, n2=21, mode=zone]",wavetrend,"n1=10, n2=21, mode=zone",15m,3,3075,-0.022171132989137265,-1.1546799530968326,0.5229268292682927,False,0,0.003743751382527445,-0.06064041314691489,-0.009687247934473417,51.0
"wavetrend[n1=10, n2=21, mode=zone]",wavetrend,"n1=10, n2=21, mode=zone",15m,6,3075,0.007369093993753219,0.272402116300329,0.5323577235772358,False,0,0.02909914210988683,-0.05015573530911245,0.04281150842043464,44.0
"wavetrend[n1=10, n2=21, mode=zone]",wavetrend,"n1=10, n2=21, mode=zone",15m,12,3075,-0.008251786098634464,-0.8964774050562145,0.5434146341463415,False,0,0.01940875699889976,-0.08597001670601814,0.04130521415703161,44.0
"wavetrend[n1=10, n2=21, mode=zone]",wavetrend,"n1=10, n2=21, mode=zone",15m,24,3074,0.023480168704885725,-0.47514426768500073,0.523747560182173,False,0,0.13838222608537545,-0.04297792357153178,-0.024132485314937106,32.0
"wavetrend[n1=10, n2=21, mode=zone]",wavetrend,"n1=10, n2=21, mode=zone",15m,48,3070,-0.10649528242131191,0.21109300882021625,0.5244299674267101,True,0,-0.17206394531953006,-0.1139436300305019,-0.03453132787711937,53.0
"wavetrend[n1=10, n2=34, mode=all]",wavetrend,"n1=10, n2=34, mode=all",15m,1,20808,-0.009560639002745426,-0.2831127190197525,0.47159746251441753,True,0,-0.013891542971214407,-0.012194101836251565,-0.0025482544477985246,50.0
"wavetrend[n1=10, n2=34, mode=all]",wavetrend,"n1=10, n2=34, mode=all",15m,3,20805,-0.0008402151259064767,-0.42981300230714004,0.49007450132179764,False,0,-0.01089828798898916,0.006268648961586917,0.002095962571613977,41.0
"wavetrend[n1=10, n2=34, mode=all]",wavetrend,"n1=10, n2=34, mode=all",15m,6,20805,0.029837081220249216,0.7017435682667145,0.49411199230954095,True,0,0.01355295620928097,0.0396947213752687,0.03625802572194927,31.0
"wavetrend[n1=10, n2=34, mode=all]",wavetrend,"n1=10, n2=34, mode=all",15m,12,20805,0.005430926010234434,-0.5404064543990628,0.4891131939437635,False,0,-0.0034550023494683735,0.013344914671521338,0.0063759667210145175,37.0
"wavetrend[n1=10, n2=34, mode=all]",wavetrend,"n1=10, n2=34, mode=all",15m,24,20799,0.019697612968360093,0.3498938205727056,0.4958892254435309,True,0,0.013794088653211361,0.01697338307868975,0.028382695096427303,37.0
"wavetrend[n1=10, n2=34, mode=all]",wavetrend,"n1=10, n2=34, mode=all",15m,48,20789,-0.005947825084177268,-0.5216180338821453,0.49853287796430806,False,0,-0.018961773208927307,0.0025284777674580198,-0.0014164765055499865,42.0
"wavetrend[n1=10, n2=34, mode=zone]",wavetrend,"n1=10, n2=34, mode=zone",15m,1,1269,-0.030460285952291503,-1.2386772884312525,0.4933018124507486,False,0,-0.04046767950706816,-0.06575409598239672,0.017054101045794707,58.0
"wavetrend[n1=10, n2=34, mode=zone]",wavetrend,"n1=10, n2=34, mode=zone",15m,3,1269,-0.07228510173273578,-1.8472695552286345,0.5035460992907801,True,0,-0.15568600891841966,-0.04052711062977489,-0.020390789347855643,62.0
"wavetrend[n1=10, n2=34, mode=zone]",wavetrend,"n1=10, n2=34, mode=zone",15m,6,1269,-0.06780472385553143,-1.2203165198292107,0.5382190701339638,False,0,-0.15641786024939722,-0.06707615459360718,0.022189975001930453,59.0
"wavetrend[n1=10, n2=34, mode=zone]",wavetrend,"n1=10, n2=34, mode=zone",15m,12,1269,-0.12733157249716334,-4.282143223722771,0.5460992907801419,True,0,-0.18975475114494383,-0.17004578069603354,-0.018294528914950044,59.0
"wavetrend[n1=10, n2=34, mode=zone]",wavetrend,"n1=10, n2=34, mode=zone",15m,24,1269,-0.2514881752665998,-6.722587950465066,0.5200945626477541,True,0,-0.2190992821773496,-0.3669229005875906,-0.16278430965745538,59.0
"wavetrend[n1=10, n2=34, mode=zone]",wavetrend,"n1=10, n2=34, mode=zone",15m,48,1268,-0.5099085888931744,-11.860010800050178,0.5173501577287066,True,0,-0.700611820693254,-0.5779008718625042,-0.24295369901860436,63.0
"wavetrend[n1=15, n2=12, mode=all]",wavetrend,"n1=15, n2=12, mode=all",15m,1,21861,-0.0019445937612692782,-0.00039667392603541876,0.47820319290059926,False,0,-0.006187314480022698,-0.00977566369461199,0.010242970950762358,35.0
"wavetrend[n1=15, n2=12, mode=all]",wavetrend,"n1=15, n2=12, mode=all",15m,3,21858,0.004238535150931761,-0.24999156423986268,0.49208527770152805,False,0,-0.00011556315149446632,-0.004483618441521821,0.01743819087693013,33.0
"wavetrend[n1=15, n2=12, mode=all]",wavetrend,"n1=15, n2=12, mode=all",15m,6,21858,0.034999902924419235,1.0541231971747487,0.4960655137707018,True,0,0.020611103720927452,0.03905657959192884,0.04542197223315395,27.0
"wavetrend[n1=15, n2=12, mode=all]",wavetrend,"n1=15, n2=12, mode=all",15m,12,21858,0.007686918890456924,-0.34632734742478205,0.49245127642053255,False,0,-0.0054451935451781475,0.009875801349265748,0.018726871079159945,34.0
"wavetrend[n1=15, n2=12, mode=all]",wavetrend,"n1=15, n2=12, mode=all",15m,24,21852,0.02883886065848257,0.5682202801859148,0.4964305326743548,True,0,0.021850265787408812,0.017529587645404496,0.04730883902440474,28.0
"wavetrend[n1=15, n2=12, mode=all]",wavetrend,"n1=15, n2=12, mode=all",15m,48,21838,0.001242049511963827,-0.5503186820392053,0.49908416521659493,False,0,-0.0011623281077608497,0.000403735018569081,0.00451535851213507,36.0
"wavetrend[n1=15, n2=12, mode=zone]",wavetrend,"n1=15, n2=12, mode=zone",15m,1,6419,-0.0063394825135572215,-0.3046766013889022,0.5017915563171833,False,0,-0.012198247147750307,-0.008857309310121887,0.0017811260452766978,44.0
"wavetrend[n1=15, n2=12, mode=zone]",wavetrend,"n1=15, n2=12, mode=zone",15m,3,6417,-0.007191416903460399,-0.7689031992435049,0.5128564749883123,False,0,-0.007881602097218584,-0.026447814372225084,0.011893638048937151,45.0
"wavetrend[n1=15, n2=12, mode=zone]",wavetrend,"n1=15, n2=12, mode=zone",15m,6,6417,-0.001575990325727792,-0.8946713952218792,0.5161290322580645,False,0,0.007438699346668249,-0.0180783164403767,0.0054103075762340965,45.0
"wavetrend[n1=15, n2=12, mode=zone]",wavetrend,"n1=15, n2=12, mode=zone",15m,12,6417,-0.0320753158943888,-2.8834722080555237,0.5150381798348138,False,0,-0.025250576983486515,-0.07895072874220133,0.006087964834572005,47.0
"wavetrend[n1=15, n2=12, mode=zone]",wavetrend,"n1=15, n2=12, mode=zone",15m,24,6416,-0.04767211466095512,-4.567239500089382,0.5115336658354115,False,0,0.026721274988724272,-0.1925787164191102,0.018255123336301585,50.0
"wavetrend[n1=15, n2=12, mode=zone]",wavetrend,"n1=15, n2=12, mode=zone",15m,48,6410,-0.143827875023557,-7.137732013342474,0.5132605304212169,True,0,-0.023659177226471113,-0.31757895592755625,-0.09498474439339058,57.0
"wavetrend[n1=15, n2=21, mode=all]",wavetrend,"n1=15, n2=21, mode=all",15m,1,19528,-0.00723561751920427,-0.27766545805161846,0.4760344121261778,False,0,-0.014505550404342099,-0.00920327896922757,0.0019755940635200384,47.0
"wavetrend[n1=15, n2=21, mode=all]",wavetrend,"n1=15, n2=21, mode=all",15m,3,19525,0.0026001360452220595,-0.3730931760086222,0.49280409731113956,False,0,-0.008177338831191231,0.004956898621585155,0.010977683236324884,36.0
"wavetrend[n1=15, n2=21, mode=all]",wavetrend,"n1=15, n2=21, mode=all",15m,6,19525,0.030796421050928016,0.7958866654839577,0.4952624839948784,True,0,0.013736581493872786,0.03330817366669216,0.04527711662583301,30.0
"wavetrend[n1=15, n2=21, mode=all]",wavetrend,"n1=15, n2=21, mode=all",15m,12,19525,0.004849038386991481,-0.5869235986660468,0.49234314980793853,False,0,-0.006490772991997933,0.00805995440924751,0.012931955253381665,38.0
"wavetrend[n1=15, n2=21, mode=all]",wavetrend,"n1=15, n2=21, mode=all",15m,24,19519,0.022976867570688175,0.3215562871991827,0.4976177058250935,True,0,0.014399436977841051,0.01916637032927438,0.03533479643694447,34.0
"wavetrend[n1=15, n2=21, mode=all]",wavetrend,"n1=15, n2=21, mode=all",15m,48,19509,-0.0026714260493688005,-0.6527339002337548,0.4985391357834845,False,0,-0.0023442980340463325,-0.005781166949978424,0.0001139762199017448,40.0
"wavetrend[n1=15, n2=21, mode=zone]",wavetrend,"n1=15, n2=21, mode=zone",15m,1,4247,-7.84875041431868e-05,-0.470148811809524,0.5031787143866259,False,0,0.019893042096575678,-0.010770213495715495,-0.009640066145355803,30.0
"wavetrend[n1=15, n2=21, mode=zone]",wavetrend,"n1=15, n2=21, mode=zone",15m,3,4247,-0.03348941633519274,-1.8462630539659184,0.5085943018601365,True,0,-0.012532894609291228,-0.056088865330094134,-0.03253103151416692,57.0
"wavetrend[n1=15, n2=21, mode=zone]",wavetrend,"n1=15, n2=21, mode=zone",15m,6,4247,-0.014581613066315292,-1.1023398260261346,0.52130915940664,False,0,0.020548338745966715,-0.073664583027877,0.007499518181121442,49.0
"wavetrend[n1=15, n2=21, mode=zone]",wavetrend,"n1=15, n2=21, mode=zone",15m,12,4247,-0.027227748833284285,-2.559794032926624,0.5297857311043089,False,0,-0.017354080534094683,-0.08752769961348503,0.021179387498190826,46.0
"wavetrend[n1=15, n2=21, mode=zone]",wavetrend,"n1=15, n2=21, mode=zone",15m,24,4246,-0.0008853837848501541,-1.0595259730575868,0.5237870937352803,False,0,0.06093559638672899,-0.082235090062601,0.01606554634303837,43.0
"wavetrend[n1=15, n2=21, mode=zone]",wavetrend,"n1=15, n2=21, mode=zone",15m,48,4241,-0.21891167971217068,-4.91870688611702,0.5196887526526762,True,0,-0.22768529171041182,-0.2773331228406465,-0.15383868242463034,59.0
"wavetrend[n1=15, n2=34, mode=all]",wavetrend,"n1=15, n2=34, mode=all",15m,1,17967,-0.008998051351758417,-0.30053161771520276,0.477709133411254,False,0,-0.010547633239438565,-0.016697577495871016,0.00030626940691291435,49.0
"wavetrend[n1=15, n2=34, mode=all]",wavetrend,"n1=15, n2=34, mode=all",15m,3,17965,0.006516326118852244,-0.07152793215339269,0.4932925132201503,False,0,-0.003162100871786878,0.007313981487641472,0.015412959571466751,31.0
"wavetrend[n1=15, n2=34, mode=all]",wavetrend,"n1=15, n2=34, mode=all",15m,6,17965,0.03149994129555087,0.660466683691713,0.49596437517394937,True,0,0.010954810291626125,0.042274848604251514,0.0412445185861546,29.0
"wavetrend[n1=15, n2=34, mode=all]",wavetrend,"n1=15, n2=34, mode=all",15m,12,17965,0.006665903320595598,-0.6845705714891209,0.49268021152240465,True,0,0.007676654479589657,0.002359951699241825,0.009987027807099659,35.0
"wavetrend[n1=15, n2=34, mode=all]",wavetrend,"n1=15, n2=34, mode=all",15m,24,17959,0.026510500171463596,0.6081561339118596,0.4962971212205579,True,0,0.018327434310290422,0.020364010980370346,0.040898036951766206,29.0
"wavetrend[n1=15, n2=34, mode=all]",wavetrend,"n1=15, n2=34, mode=all",15m,48,17951,-0.010224755946412705,-0.6420551464096175,0.4981338087014651,True,0,-0.024640580816437347,-0.0027588307521369915,-0.0032899217459219517,46.0
"wavetrend[n1=15, n2=34, mode=zone]",wavetrend,"n1=15, n2=34, mode=zone",15m,1,2410,-0.0028650778768639674,-0.052890758510404486,0.5004149377593361,False,0,0.006117648995603367,-0.010762049893787288,-0.0037078874343774992,37.0
"wavetrend[n1=15, n2=34, mode=zone]",wavetrend,"n1=15, n2=34, mode=zone",15m,3,2410,-0.011108408374049753,-0.29395575040166116,0.5253112033195021,False,0,0.011790370476072669,-0.032830589935527496,-0.01162580923834598,47.0
"wavetrend[n1=15, n2=34, mode=zone]",wavetrend,"n1=15, n2=34, mode=zone",15m,6,2410,-0.021213025903030598,-0.403177871899805,0.533195020746888,False,0,-0.0642338475384034,-0.0004904525209979463,0.0003502163926878054,50.0
"wavetrend[n1=15, n2=34, mode=zone]",wavetrend,"n1=15, n2=34, mode=zone",15m,12,2410,-0.057479422468164634,-3.583423064019741,0.5414937759336099,True,0,-0.04200182462402107,-0.11298796409672154,-0.015979705220157604,51.0
"wavetrend[n1=15, n2=34, mode=zone]",wavetrend,"n1=15, n2=34, mode=zone",15m,24,2409,-0.058641891003428266,0.11665785690767327,0.5317559153175592,True,0,-0.09979087834927353,-0.06656134499839854,-0.009591151822360859,51.0
"wavetrend[n1=15, n2=34, mode=zone]",wavetrend,"n1=15, n2=34, mode=zone",15m,48,2406,-0.26125869512377964,-0.9179038759740125,0.5253532834580216,True,0,-0.4462860344982037,-0.2801210769772469,-0.057847925090721244,60.0
"squeeze[bb_length=14, kc_length=14, kc_mult=1.0]",squeeze,"bb_length=14, kc_length=14, kc_mult=1.0",15m,1,4782,-0.008314004417896668,-0.5596852865463968,0.46800501882057716,False,0,-0.010982441622003222,0.004779980507697081,-0.019972916054212246,48.0
"squeeze[bb_length=14, kc_length=14, kc_mult=1.0]",squeeze,"bb_length=14, kc_length=14, kc_mult=1.0",15m,3,4782,-0.008365217798263092,-0.6372964129129534,0.4736511919698871,False,0,0.0036730472287527195,-0.016677787771412142,-0.010321839365580754,46.0
"squeeze[bb_length=14, kc_length=14, kc_mult=1.0]",squeeze,"bb_length=14, kc_length=14, kc_mult=1.0",15m,6,4782,0.029028853255137668,1.020457203635284,0.4895441237975742,False,0,0.04713120522945256,0.0553131757378581,-0.015597359423614952,32.0
"squeeze[bb_length=14, kc_length=14, kc_mult=1.0]",squeeze,"bb_length=14, kc_length=14, kc_mult=1.0",15m,12,4782,0.04534231494063249,1.5995951168222715,0.5014638226683396,False,0,0.1451618839177916,0.10627066792969793,-0.11044548758956872,24.0
"squeeze[bb_length=14, kc_length=14, kc_mult=1.0]",squeeze,"bb_length=14, kc_length=14, kc_mult=1.0",15m,24,4782,0.052611704100474374,2.3906146655944336,0.4987452948557089,False,0,0.1428263156020752,0.09779167635845468,-0.0775609239651583,25.0
"squeeze[bb_length=14, kc_length=14, kc_mult=1.0]",squeeze,"bb_length=14, kc_length=14, kc_mult=1.0",15m,48,4777,0.0171280437975611,2.8821693020714125,0.5065940967134185,False,0,0.05412852640386261,0.14869194424212162,-0.15783568929386732,33.0
"squeeze[bb_length=14, kc_length=14, kc_mult=1.5]",squeeze,"bb_length=14, kc_length=14, kc_mult=1.5",15m,1,7364,0.012974035480388762,0.6162922183712546,0.47175448126018465,True,0,0.00406964305925872,0.02024554744808994,0.01544779674856529,21.0
"squeeze[bb_length=14, kc_length=14, kc_mult=1.5]",squeeze,"bb_length=14, kc_length=14, kc_mult=1.5",15m,3,7364,0.009568038773291154,0.0048614345943815375,0.48424769147202607,False,0,-0.003897842708546329,0.03563746930935248,-0.0014943731676007293,29.0
"squeeze[bb_length=14, kc_length=14, kc_mult=1.5]",squeeze,"bb_length=14, kc_length=14, kc_mult=1.5",15m,6,7364,0.027758332426479838,0.8650407790283448,0.485605649103748,True,0,0.0404124379544789,0.028625785294667774,0.013242059773309984,36.0
"squeeze[bb_length=14, kc_length=14, kc_mult=1.5]",squeeze,"bb_length=14, kc_length=14, kc_mult=1.5",15m,12,7361,0.028554855856735117,1.9290239606765514,0.49028664583616355,False,0,-0.0010484547713652378,0.09613223574884552,-0.005846142285829004,29.0
"squeeze[bb_length=14, kc_length=14, kc_mult=1.5]",squeeze,"bb_length=14, kc_length=14, kc_mult=1.5",15m,24,7360,-0.0005836148233822676,0.27174453933735715,0.48940217391304347,False,0,-0.0902284955281776,0.13148409205856554,-0.03342957070181327,42.0
"squeeze[bb_length=14, kc_length=14, kc_mult=1.5]",squeeze,"bb_length=14, kc_length=14, kc_mult=1.5",15m,48,7356,-0.08389378342884729,-2.842090801283068,0.48613376835236544,False,0,-0.16120425483762216,0.049406732341670735,-0.13128564162904768,52.0
"squeeze[bb_length=14, kc_length=14, kc_mult=2.0]",squeeze,"bb_length=14, kc_length=14, kc_mult=2.0",15m,1,5058,0.011436064429202223,-0.2982580587332223,0.44958481613285883,False,0,0.01068920223087868,0.036100237082163325,-0.01036644066547301,24.0
"squeeze[bb_length=14, kc_length=14, kc_mult=2.0]",squeeze,"bb_length=14, kc_length=14, kc_mult=2.0",15m,3,5058,0.02575772396909161,-0.21473415871751583,0.4610517991300909,True,0,0.06264366971606239,0.009996082665603253,0.0026487588624081048,21.0
"squeeze[bb_length=14, kc_length=14, kc_mult=2.0]",squeeze,"bb_length=14, kc_length=14, kc_mult=2.0",15m,6,5057,0.05005146271335635,0.72763288092978,0.47280996638323114,False,0,0.08983615316508617,0.06073249386482447,-0.00017289335003539875,22.0
"squeeze[bb_length=14, kc_length=14, kc_mult=2.0]",squeeze,"bb_length=14, kc_length=14, kc_mult=2.0",15m,12,5055,0.06741569567878725,2.6282891049939536,0.4856577645895153,True,0,0.07606519913264553,0.06467848259696336,0.06111949844675058,20.0
"squeeze[bb_length=14, kc_length=14, kc_mult=2.0]",squeeze,"bb_length=14, kc_length=14, kc_mult=2.0",15m,24,5055,0.05638382131007845,1.8324697401508712,0.49831849653808113,True,0,0.011127031166458776,0.11422705699454186,0.049517015763390584,23.0
"squeeze[bb_length=14, kc_length=14, kc_mult=2.0]",squeeze,"bb_length=14, kc_length=14, kc_mult=2.0",15m,48,5052,0.09489852491094802,1.4180162463546766,0.4994061757719715,False,0,0.2069352173171628,0.10595142819565906,-0.029198803797583106,23.0
"squeeze[bb_length=14, kc_length=20, kc_mult=1.0]",squeeze,"bb_length=14, kc_length=20, kc_mult=1.0",15m,1,577,-0.047472768192198755,-2.0434510137973456,0.4055459272097054,True,46789,-0.07785832953065282,-0.025601676307189458,-0.049516167143239954,60.0
"squeeze[bb_length=14, kc_length=20, kc_mult=1.0]",squeeze,"bb_length=14, kc_length=20, kc_mult=1.0",15m,3,577,-0.04053330519984114,-0.5175751500258208,0.43500866551126516,False,46789,-0.14528948118561297,-0.01096149037655498,0.008921585932269757,60.0
"squeeze[bb_length=14, kc_length=20, kc_mult=1.0]",squeeze,"bb_length=14, kc_length=20, kc_mult=1.0",15m,6,577,0.057568786338779494,3.6925733326711776,0.48353552859618715,False,46789,-0.1455905535960617,0.12483840151806719,0.1412506770960617,21.0
"squeeze[bb_length=14, kc_length=20, kc_mult=1.0]",squeeze,"bb_length=14, kc_length=20, kc_mult=1.0",15m,12,577,-0.04180750107911399,0.7612244603069451,0.464471403812825,False,46789,-0.11456573686843953,-0.04823833155350899,0.02578990658162413,50.0
"squeeze[bb_length=14, kc_length=20, kc_mult=1.0]",squeeze,"bb_length=14, kc_length=20, kc_mult=1.0",15m,24,577,0.04404140633008375,6.802959056338191,0.4696707105719237,True,46789,0.011981383425941863,0.021262106189768,0.09841643533979569,27.0
"squeeze[bb_length=14, kc_length=20, kc_mult=1.0]",squeeze,"bb_length=14, kc_length=20, kc_mult=1.0",15m,48,575,-0.00966097216833776,5.411968193549947,0.48869565217391303,False,46789,-0.33910862980282225,0.15831737605736143,0.05258221559541037,45.0
"squeeze[bb_length=14, kc_length=20, kc_mult=1.5]",squeeze,"bb_length=14, kc_length=20, kc_mult=1.5",15m,1,1200,0.05431495223228699,2.479244038350635,0.4725,True,54368,0.03010382687019551,0.03509823056901183,0.10214349447911517,7.0
"squeeze[bb_length=14, kc_length=20, kc_mult=1.5]",squeeze,"bb_length=14, kc_length=20, kc_mult=1.5",15m,3,1200,0.04189120677394934,-0.5171599171496716,0.46416666666666667,True,54368,0.030918377866044826,0.05231673546555134,0.041149778451838606,15.0
"squeeze[bb_length=14, kc_length=20, kc_mult=1.5]",squeeze,"bb_length=14, kc_length=20, kc_mult=1.5",15m,6,1200,0.09776078037605297,0.9479879640864446,0.48,True,54368,0.13148786180895902,0.05924252090271155,0.10762383032515978,13.0
"squeeze[bb_length=14, kc_length=20, kc_mult=1.5]",squeeze,"bb_length=14, kc_length=20, kc_mult=1.5",15m,12,1199,0.08063106176879024,2.1542653880188407,0.5020850708924104,True,54368,0.007655429762496235,0.1163437217255518,0.11518810397068464,17.0
"squeeze[bb_length=14, kc_length=20, kc_mult=1.5]",squeeze,"bb_length=14, kc_length=20, kc_mult=1.5",15m,24,1199,0.004189552384548346,-2.9041657092814757,0.5004170141784821,False,54368,0.04874867511026446,-0.016118657638378095,-0.018662132047176504,41.0
"squeeze[bb_length=14, kc_length=20, kc_mult=1.5]",squeeze,"bb_length=14, kc_length=20, kc_mult=1.5",15m,48,1196,-0.0005103095777458606,0.08107217727370898,0.504180602006689,False,54368,-0.07460958425853212,0.07798442876266486,-0.014812979812296482,38.0
"squeeze[bb_length=14, kc_length=20, kc_mult=2.0]",squeeze,"bb_length=14, kc_length=20, kc_mult=2.0",15m,1,975,0.036861988018968346,0.2306272141763435,0.4471794871794872,True,38571,0.07820693094660483,0.00045827747712908173,0.03071160505971453,11.0
"squeeze[bb_length=14, kc_length=20, kc_mult=2.0]",squeeze,"bb_length=14, kc_length=20, kc_mult=2.0",15m,3,975,0.04187680538223073,-1.5495960858640871,0.4430769230769231,False,38571,0.09558329969718898,-0.006575501851258994,0.03506286514426528,16.0
"squeeze[bb_length=14, kc_length=20, kc_mult=2.0]",squeeze,"bb_length=14, kc_length=20, kc_mult=2.0",15m,6,975,0.11823706511636287,0.048751663803504694,0.4605128205128205,True,38571,0.2647311471884106,0.05352002011091857,0.03157322226898364,6.0
"squeeze[bb_length=14, kc_length=20, kc_mult=2.0]",squeeze,"bb_length=14, kc_length=20, kc_mult=2.0",15m,12,972,0.09970144122663438,0.13141686159368152,0.47016460905349794,False,38571,0.33177590029717874,-0.09706866235521022,0.05751751458401315,12.0
"squeeze[bb_length=14, kc_length=20, kc_mult=2.0]",squeeze,"bb_length=14, kc_length=20, kc_mult=2.0",15m,24,972,0.17249247384932714,2.070619608730822,0.49074074074074076,True,38571,0.41701194899535377,0.037219472585978734,0.0553199350827546,12.0
"squeeze[bb_length=14, kc_length=20, kc_mult=2.0]",squeeze,"bb_length=14, kc_length=20, kc_mult=2.0",15m,48,970,0.1186089048241339,-1.4155118429654405,0.4927835051546392,False,38571,0.590702364918895,-0.16733440513432724,-0.08202758211820221,21.0
"squeeze[bb_length=14, kc_length=30, kc_mult=1.0]",squeeze,"bb_length=14, kc_length=30, kc_mult=1.0",15m,1,224,-0.1102692887573191,-3.333447181123372,0.42857142857142855,True,81105,-0.07615561887908223,-0.16866181725872165,-0.04143311749737288,65.0
"squeeze[bb_length=14, kc_length=30, kc_mult=1.0]",squeeze,"bb_length=14, kc_length=30, kc_mult=1.0",15m,3,224,-0.07548548617400465,-5.9466019922690165,0.45089285714285715,True,81105,-0.08344488401866673,-0.09985257386486131,-0.022229009260622226,63.0
"squeeze[bb_length=14, kc_length=30, kc_mult=1.0]",squeeze,"bb_length=14, kc_length=30, kc_mult=1.0",15m,6,224,-0.033888689177822555,-2.0865719887153915,0.4330357142857143,False,81105,-0.04197437134030743,-0.11143005305521128,0.11652709712893138,54.0
"squeeze[bb_length=14, kc_length=30, kc_mult=1.0]",squeeze,"bb_length=14, kc_length=30, kc_mult=1.0",15m,12,224,-0.1005108174635702,-2.5345139025493006,0.4375,False,81105,0.008144477512803033,-0.31637644876377363,0.1732565873032656,56.0
"squeeze[bb_length=14, kc_length=30, kc_mult=1.0]",squeeze,"bb_length=14, kc_length=30, kc_mult=1.0",15m,24,224,-0.3066706277676712,-9.764629130625353,0.45535714285714285,False,81105,-0.8126560638193587,-0.5514121160225683,0.6991223064387427,61.0
"squeeze[bb_length=14, kc_length=30, kc_mult=1.0]",squeeze,"bb_length=14, kc_length=30, kc_mult=1.0",15m,48,223,-0.11906902912697773,-8.289386595188335,0.4663677130044843,False,81105,-0.24187582093600746,-0.6116040339061726,0.9131706478764625,55.0
"squeeze[bb_length=14, kc_length=30, kc_mult=1.5]",squeeze,"bb_length=14, kc_length=30, kc_mult=1.5",15m,1,458,0.07851781477790892,3.9043134212688226,0.5043668122270742,True,88270,0.010229566233917672,0.1192203096167163,0.09814399008269165,4.0
"squeeze[bb_length=14, kc_length=30, kc_mult=1.5]",squeeze,"bb_length=14, kc_length=30, kc_mult=1.5",15m,3,458,0.12682363917209857,3.0555236997052275,0.519650655021834,True,88270,0.0716186454993864,0.17730503952439877,0.12208209458800753,5.0
"squeeze[bb_length=14, kc_length=30, kc_mult=1.5]",squeeze,"bb_length=14, kc_length=30, kc_mult=1.5",15m,6,458,0.10204293239436629,2.6788822690178176,0.49344978165938863,True,88270,0.016770724898942532,0.10134411564202483,0.18695827390983966,11.0
"squeeze[bb_length=14, kc_length=30, kc_mult=1.5]",squeeze,"bb_length=14, kc_length=30, kc_mult=1.5",15m,12,457,0.09929290809249587,2.9158163312972842,0.5426695842450766,False,88270,-0.069446988193815,0.060352360517446,0.3101960691988037,13.0
"squeeze[bb_length=14, kc_length=30, kc_mult=1.5]",squeeze,"bb_length=14, kc_length=30, kc_mult=1.5",15m,24,457,-0.023231432446597595,-3.059765328290944,0.5076586433260394,False,88270,-0.4650251907520701,0.05196719595683365,0.3212578561795663,48.0
"squeeze[bb_length=14, kc_length=30, kc_mult=1.5]",squeeze,"bb_length=14, kc_length=30, kc_mult=1.5",15m,48,455,0.07954347424630721,5.069836221609767,0.5076923076923077,False,88270,-0.041632735798487724,0.09715791310566192,0.17740035626176381,27.0
"squeeze[bb_length=14, kc_length=30, kc_mult=2.0]",squeeze,"bb_length=14, kc_length=30, kc_mult=2.0",15m,1,462,-0.003751162492051267,-0.3301141363133796,0.4393939393939394,False,71188,-0.03984891976547311,-0.09545379436431316,0.12037693920676698,40.0
"squeeze[bb_length=14, kc_length=30, kc_mult=2.0]",squeeze,"bb_length=14, kc_length=30, kc_mult=2.0",15m,3,462,-0.10962914099901756,-7.946373727551114,0.4393939393939394,True,71188,-0.06662033252578196,-0.19723096324969708,-0.05699254417741409,65.0
"squeeze[bb_length=14, kc_length=30, kc_mult=2.0]",squeeze,"bb_length=14, kc_length=30, kc_mult=2.0",15m,6,462,-0.10593124436315282,-8.222552747079252,0.44805194805194803,False,71188,-0.05293472702014426,-0.37450365344264047,0.12254920416506941,63.0
"squeeze[bb_length=14, kc_length=30, kc_mult=2.0]",squeeze,"bb_length=14, kc_length=30, kc_mult=2.0",15m,12,461,-0.0049841311853886005,-1.4724529188411442,0.4772234273318872,False,71188,-0.11789188902604561,-0.12152926769137029,0.2111519013843052,43.0
"squeeze[bb_length=14, kc_length=30, kc_mult=2.0]",squeeze,"bb_length=14, kc_length=30, kc_mult=2.0",15m,24,461,-0.11962080273422891,-12.98825298625512,0.5010845986984815,False,71188,-0.38912101729632403,-0.12155893800962611,0.11312534464184729,56.0
"squeeze[bb_length=14, kc_length=30, kc_mult=2.0]",squeeze,"bb_length=14, kc_length=30, kc_mult=2.0",15m,48,460,0.032125544912071785,-9.945760499734332,0.5043478260869565,False,71188,0.06435892172661069,-0.3240177528207867,0.37169490468941097,31.0
"squeeze[bb_length=20, kc_length=14, kc_mult=1.0]",squeeze,"bb_length=20, kc_length=14, kc_mult=1.0",15m,1,266,-0.006719907922285096,0.10056957203230765,0.4398496240601504,False,9539,0.044315159550728504,0.021284941570798105,-0.07310469617665254,46.0
"squeeze[bb_length=20, kc_length=14, kc_mult=1.0]",squeeze,"bb_length=20, kc_length=14, kc_mult=1.0",15m,3,266,-0.018830692981773076,-1.7796017486734872,0.41353383458646614,False,9539,0.16063118077099955,-0.003904626541442189,-0.16523629513518112,48.0
"squeeze[bb_length=20, kc_length=14, kc_mult=1.0]",squeeze,"bb_length=20, kc_length=14, kc_mult=1.0",15m,6,266,-0.05132962779030865,-2.475419060449252,0.4699248120300752,False,9539,0.26028988976939943,0.05440772198407812,-0.38869526535924864,57.0
"squeeze[bb_length=20, kc_length=14, kc_mult=1.0]",squeeze,"bb_length=20, kc_length=14, kc_mult=1.0",15m,12,266,-0.03721463118402383,0.669185005175462,0.4774436090225564,False,9539,0.41051388119193094,0.10642228922335932,-0.5133051302158481,48.0
"squeeze[bb_length=20, kc_length=14, kc_mult=1.0]",squeeze,"bb_length=20, kc_length=14, kc_mult=1.0",15m,24,266,-0.15316003644585505,-3.4307944005701922,0.462406015037594,False,9539,0.5436724543576843,0.02892877936841814,-0.8509429107966371,57.0
"squeeze[bb_length=20, kc_length=14, kc_mult=1.0]",squeeze,"bb_length=20, kc_length=14, kc_mult=1.0",15m,48,266,-0.04631502853346596,-0.9223957538046063,0.47368421052631576,False,9539,0.2908319595482201,0.1572536583270046,-0.5042020894893522,50.0
"squeeze[bb_length=20, kc_length=14, kc_mult=1.5]",squeeze,"bb_length=20, kc_length=14, kc_mult=1.5",15m,1,744,-0.012647315393101526,-0.07911066865781484,0.4327956989247312,False,41470,0.004234369908510098,-0.0654347706324981,0.03053079938486886,52.0
"squeeze[bb_length=20, kc_length=14, kc_mult=1.5]",squeeze,"bb_length=20, kc_length=14, kc_mult=1.5",15m,3,744,-0.02636733499633078,-3.38176683087264,0.43548387096774194,False,41470,-0.1021585281424798,0.043856376115465716,-0.03354703125946045,53.0
"squeeze[bb_length=20, kc_length=14, kc_mult=1.5]",squeeze,"bb_length=20, kc_length=14, kc_mult=1.5",15m,6,744,-0.004117167761350549,-0.14508666061551787,0.44623655913978494,False,41470,-0.1713489321787883,0.11638598179087425,0.01859566093571979,46.0
"squeeze[bb_length=20, kc_length=14, kc_mult=1.5]",squeeze,"bb_length=20, kc_length=14, kc_mult=1.5",15m,12,743,-0.14067882893792286,-5.009311321575849,0.458950201884253,False,41470,-0.4665226833170016,0.10600194231288498,-0.10871276455998011,60.0
"squeeze[bb_length=20, kc_length=14, kc_mult=1.5]",squeeze,"bb_length=20, kc_length=14, kc_mult=1.5",15m,24,743,-0.29323152511908457,-9.545644179723448,0.4697173620457604,True,41470,-0.7146996876701946,-0.06629680747749837,-0.14912905292429304,60.0
"squeeze[bb_length=20, kc_length=14, kc_mult=1.5]",squeeze,"bb_length=20, kc_length=14, kc_mult=1.5",15m,48,740,-0.3522920935789421,-7.584164760650244,0.47162162162162163,False,41470,-0.9651670845732775,-0.32710310053439395,0.1970238974321341,62.0
"squeeze[bb_length=20, kc_length=14, kc_mult=2.0]",squeeze,"bb_length=20, kc_length=14, kc_mult=2.0",15m,1,484,0.011443736021263912,-0.8150046583743421,0.44421487603305787,False,50477,0.05945021007725254,-0.02177677264309102,-0.002692099487194743,23.0
"squeeze[bb_length=20, kc_length=14, kc_mult=2.0]",squeeze,"bb_length=20, kc_length=14, kc_mult=2.0",15m,3,484,0.051463124260777836,-3.6532267963105065,0.4462809917355372,False,50477,0.2002424230918181,0.04892381429261577,-0.10326303930790928,13.0
"squeeze[bb_length=20, kc_length=14, kc_mult=2.0]",squeeze,"bb_length=20, kc_length=14, kc_mult=2.0",15m,6,484,0.11019366099668651,0.6672970715736798,0.4772727272727273,False,50477,0.34746783853148056,0.016307184292528268,-0.0373331507525546,8.0
"squeeze[bb_length=20, kc_length=14, kc_mult=2.0]",squeeze,"bb_length=20, kc_length=14, kc_mult=2.0",15m,12,484,0.07816030001064775,2.904190909706471,0.48760330578512395,False,50477,0.25283346893039704,0.020065103198521846,-0.04261724968706535,18.0
"squeeze[bb_length=20, kc_length=14, kc_mult=2.0]",squeeze,"bb_length=20, kc_length=14, kc_mult=2.0",15m,24,484,0.25690803378385296,10.635731721223667,0.49793388429752067,True,50477,0.5875852382722189,0.10556537426663878,0.07394857189688497,7.0
"squeeze[bb_length=20, kc_length=14, kc_mult=2.0]",squeeze,"bb_length=20, kc_length=14, kc_mult=2.0",15m,48,483,0.16272329707264965,8.729198219434881,0.5134575569358178,False,50477,0.8423075861843081,-0.024938320891720794,-0.352920396349127,19.0
"squeeze[bb_length=20, kc_length=20, kc_mult=1.0]",squeeze,"bb_length=20, kc_length=20, kc_mult=1.0",15m,1,1706,-0.03475752723209392,-1.9422513133374713,0.4466588511137163,True,0,-0.03279370170884138,-0.03681314549022205,-0.033707669242566504,59.0
"squeeze[bb_length=20, kc_length=20, kc_mult=1.0]",squeeze,"bb_length=20, kc_length=20, kc_mult=1.0",15m,3,1706,-0.01890706938716269,-1.9599025624976885,0.4753810082063306,True,0,-0.007406599491683328,-0.0018468808429017544,-0.048396641045309184,49.0
"squeeze[bb_length=20, kc_length=20, kc_mult=1.0]",squeeze,"bb_length=20, kc_length=20, kc_mult=1.0",15m,6,1706,-0.005918270394090766,-2.4344163156885337,0.4824150058616647,False,0,0.04146121391667633,0.03630804386633153,-0.09304526986167957,47.0
"squeeze[bb_length=20, kc_length=20, kc_mult=1.0]",squeeze,"bb_length=20, kc_length=20, kc_mult=1.0",15m,12,1706,-0.058963675977994436,-6.2228622956874675,0.48417350527549824,False,0,0.06476570459345615,0.014388337145271265,-0.2412744242198204,52.0
"squeeze[bb_length=20, kc_length=20, kc_mult=1.0]",squeeze,"bb_length=20, kc_length=20, kc_mult=1.0",15m,24,1705,0.014766578135260241,-2.3404464862849834,0.49032258064516127,False,0,-0.01939522742100983,0.16014641544412886,-0.13781316550594383,39.0
"squeeze[bb_length=20, kc_length=20, kc_mult=1.0]",squeeze,"bb_length=20, kc_length=20, kc_mult=1.0",15m,48,1704,-0.010877677359528973,-0.9091011986422993,0.48884976525821594,False,0,-0.33844789256113955,0.22495284551231567,-0.055535278533381326,47.0
"squeeze[bb_length=20, kc_length=20, kc_mult=1.5]",squeeze,"bb_length=20, kc_length=20, kc_mult=1.5",15m,1,5118,0.01005208593033213,0.5625739830742592,0.4708870652598671,False,0,-0.020177894040827257,0.026574535520521057,0.02495193008416145,25.0
"squeeze[bb_length=20, kc_length=20, kc_mult=1.5]",squeeze,"bb_length=20, kc_length=20, kc_mult=1.5",15m,3,5118,0.0024875396040806067,-1.064147319663874,0.4654161781946073,False,0,-0.017409510729603804,0.06570812325856937,-0.041341768521576325,37.0
"squeeze[bb_length=20, kc_length=20, kc_mult=1.5]",squeeze,"bb_length=20, kc_length=20, kc_mult=1.5",15m,6,5118,0.01408244424577875,-0.5578985200678531,0.47557639703008986,False,0,0.029202161961844615,0.05754013122437731,-0.046366457938444516,42.0
"squeeze[bb_length=20, kc_length=20, kc_mult=1.5]",squeeze,"bb_length=20, kc_length=20, kc_mult=1.5",15m,12,5115,0.0259766873105241,-0.4635077888017928,0.48660801564027373,False,0,0.0437493963116575,0.07390218802866542,-0.041844834034228055,30.0
"squeeze[bb_length=20, kc_length=20, kc_mult=1.5]",squeeze,"bb_length=20, kc_length=20, kc_mult=1.5",15m,24,5114,0.025111687474289015,-1.901619798387871,0.4872897927258506,False,0,0.04050252208873535,0.13053833084581729,-0.09919628015785655,31.0
"squeeze[bb_length=20, kc_length=20, kc_mult=1.5]",squeeze,"bb_length=20, kc_length=20, kc_mult=1.5",15m,48,5111,-0.00965018745076135,-1.4508785338045507,0.4905106632752886,False,0,-0.041519665157297506,0.17393190583948392,-0.16429898640935522,44.0
"squeeze[bb_length=20, kc_length=20, kc_mult=2.0]",squeeze,"bb_length=20, kc_length=20, kc_mult=2.0",15m,1,4670,0.013661796456034964,-0.35371201082168424,0.4620985010706638,False,0,0.04153968370852438,-0.004680016822566008,0.00295749071751069,19.0
"squeeze[bb_length=20, kc_length=20, kc_mult=2.0]",squeeze,"bb_length=20, kc_length=20, kc_mult=2.0",15m,3,4670,0.02664866147870513,-0.8495658138099115,0.4620985010706638,False,0,0.07924920800486271,0.0007481505117794771,-0.0017343928127023182,19.0
"squeeze[bb_length=20, kc_length=20, kc_mult=2.0]",squeeze,"bb_length=20, kc_length=20, kc_mult=2.0",15m,6,4668,0.07590693155234414,1.377976655098641,0.48264781491002573,True,0,0.16046536545799844,0.009493840715428536,0.053584315627864525,17.0
"squeeze[bb_length=20, kc_length=20, kc_mult=2.0]",squeeze,"bb_length=20, kc_length=20, kc_mult=2.0",15m,12,4667,0.08823712808287834,2.900416246190033,0.49282194128990786,True,0,0.14831546379431096,0.02960288416988893,0.0831293751781428,16.0
"squeeze[bb_length=20, kc_length=20, kc_mult=2.0]",squeeze,"bb_length=20, kc_length=20, kc_mult=2.0",15m,24,4667,0.13698094830489424,4.560623117683454,0.4986072423398329,True,0,0.12099394340853016,0.13838548081890947,0.15168787126001548,16.0
"squeeze[bb_length=20, kc_length=20, kc_mult=2.0]",squeeze,"bb_length=20, kc_length=20, kc_mult=2.0",15m,48,4664,0.11661339564924264,3.232345955070199,0.5012864493996569,True,0,0.2687129560740926,0.0036182194391433434,0.07035258242398167,22.0
"squeeze[bb_length=20, kc_length=30, kc_mult=1.0]",squeeze,"bb_length=20, kc_length=30, kc_mult=1.0",15m,1,111,-0.0484831327660562,-1.5916049321308003,0.44144144144144143,False,40846,0.08358291496437409,-0.07935340383720399,-0.09548245591521982,61.0
"squeeze[bb_length=20, kc_length=30, kc_mult=1.0]",squeeze,"bb_length=20, kc_length=30, kc_mult=1.0",15m,3,111,0.0031303336989977676,0.15129415049188707,0.44144144144144143,False,40846,0.15222573513829704,-0.060358599724996194,0.004482986053146846,34.0
"squeeze[bb_length=20, kc_length=30, kc_mult=1.0]",squeeze,"bb_length=20, kc_length=30, kc_mult=1.0",15m,6,111,-0.07499408397228505,-0.8354508280394951,0.43243243243243246,False,40846,0.018300300055270197,-0.1824920651897765,0.054616573118904596,61.0
"squeeze[bb_length=20, kc_length=30, kc_mult=1.0]",squeeze,"bb_length=20, kc_length=30, kc_mult=1.0",15m,12,111,-0.07062321851760939,-1.105336134083774,0.44144144144144143,False,40846,0.4439632932623656,-0.22681403462189528,-0.18552987734344628,53.0
"squeeze[bb_length=20, kc_length=30, kc_mult=1.0]",squeeze,"bb_length=20, kc_length=30, kc_mult=1.0",15m,24,111,-0.003954174348990207,1.3267270540164322,0.44144144144144143,False,40846,0.3883913892067959,-0.32674552192479667,0.2954729352004132,44.0
"squeeze[bb_length=20, kc_length=30, kc_mult=1.0]",squeeze,"bb_length=20, kc_length=30, kc_mult=1.0",15m,48,111,0.0787863841525582,-6.133204785818399,0.43243243243243246,False,40846,-0.23363608053917487,0.09758979361810032,0.29299787792141496,28.0
"squeeze[bb_length=20, kc_length=30, kc_mult=1.5]",squeeze,"bb_length=20, kc_length=30, kc_mult=1.5",15m,1,453,0.10736878990916672,4.526404862292711,0.45695364238410596,True,60903,0.0652638133608632,0.059617974158099905,0.20790486860689109,2.0
"squeeze[bb_length=20, kc_length=30, kc_mult=1.5]",squeeze,"bb_length=20, kc_length=30, kc_mult=1.5",15m,3,453,0.20315483368433504,5.005441355535096,0.5011037527593819,True,60903,0.349366907007479,0.08263844152401165,0.22769292426686735,2.0
"squeeze[bb_length=20, kc_length=30, kc_mult=1.5]",squeeze,"bb_length=20, kc_length=30, kc_mult=1.5",15m,6,453,0.10768498865685129,0.47718033687274086,0.4988962472406181,False,60903,0.25807374297572766,-0.05740102790888573,0.1865932616730175,9.0
"squeeze[bb_length=20, kc_length=30, kc_mult=1.5]",squeeze,"bb_length=20, kc_length=30, kc_mult=1.5",15m,12,452,0.058522814805975494,0.7591321489718972,0.4823008849557522,False,60903,-0.011782336533855105,-0.008125426339874077,0.20882090410381107,21.0
"squeeze[bb_length=20, kc_length=30, kc_mult=1.5]",squeeze,"bb_length=20, kc_length=30, kc_mult=1.5",15m,24,452,0.06590156488962112,-2.0091046087797606,0.49557522123893805,False,60903,-0.12557184718727485,0.286214764465592,-0.049137480416852966,21.0
"squeeze[bb_length=20, kc_length=30, kc_mult=1.5]",squeeze,"bb_length=20, kc_length=30, kc_mult=1.5",15m,48,450,0.28582900000366873,3.1049746318326026,0.5288888888888889,False,60903,0.6045994413780551,0.3437718077544245,-0.07721780170570085,9.0
"squeeze[bb_length=20, kc_length=30, kc_mult=2.0]",squeeze,"bb_length=20, kc_length=30, kc_mult=2.0",15m,1,529,0.015773774099168972,-0.39703123344512886,0.444234404536862,False,53656,0.05695230746058137,0.004608536726430789,-0.01268643699973742,16.0
"squeeze[bb_length=20, kc_length=30, kc_mult=2.0]",squeeze,"bb_length=20, kc_length=30, kc_mult=2.0",15m,3,529,-0.03646358677657309,-4.605005669120418,0.45935727788279773,False,53656,0.07185461287693716,-0.04302242152799379,-0.1358517409808071,59.0
"squeeze[bb_length=20, kc_length=30, kc_mult=2.0]",squeeze,"bb_length=20, kc_length=30, kc_mult=2.0",15m,6,529,-0.042686543618431015,-3.603302143889562,0.48015122873345933,False,53656,0.15695821082797887,-0.14637651277558003,-0.12738754935634994,55.0
"squeeze[bb_length=20, kc_length=30, kc_mult=2.0]",squeeze,"bb_length=20, kc_length=30, kc_mult=2.0",15m,12,528,-0.14467694312503512,-7.393536016812207,0.4696969696969697,True,53656,-0.030211803195307536,-0.2580150371967794,-0.1352478052803214,61.0
"squeeze[bb_length=20, kc_length=30, kc_mult=2.0]",squeeze,"bb_length=20, kc_length=30, kc_mult=2.0",15m,24,528,-0.07035142802478919,-5.038448260686908,0.5,True,53656,-0.01248602751424321,-0.10513464048448996,-0.08992957086948958,53.0
"squeeze[bb_length=20, kc_length=30, kc_mult=2.0]",squeeze,"bb_length=20, kc_length=30, kc_mult=2.0",15m,48,527,0.27371498978273173,5.988023602441782,0.5313092979127134,True,53656,0.6459593773478562,0.11365641741215826,0.07774626799826063,10.0
"squeeze[bb_length=30, kc_length=14, kc_mult=1.0]",squeeze,"bb_length=30, kc_length=14, kc_mult=1.0",15m,1,27,0.20111776989830285,11.326422541854738,0.5185185185185185,False,8991,-0.08862674218659383,0.10901759046107232,0.4731600543939489,1.0
"squeeze[bb_length=30, kc_length=14, kc_mult=1.0]",squeeze,"bb_length=30, kc_length=14, kc_mult=1.0",15m,3,27,0.32296293565689144,19.50437487672598,0.5555555555555556,False,8991,0.3128290001688265,-0.21294709981917662,1.1611047399476933,1.0
"squeeze[bb_length=30, kc_length=14, kc_mult=1.0]",squeeze,"bb_length=30, kc_length=14, kc_mult=1.0",15m,6,27,0.6207648172466175,33.04089984775826,0.5555555555555556,False,8991,1.2955839719335716,-0.3583655426783744,1.8439368639357367,1.0
"squeeze[bb_length=30, kc_length=14, kc_mult=1.0]",squeeze,"bb_length=30, kc_length=14, kc_mult=1.0",15m,12,27,0.07518822643031949,14.170637733275058,0.5185185185185185,False,8991,-1.4443696692455639,-0.6374616998871814,1.8591138432246028,19.0
"squeeze[bb_length=30, kc_length=14, kc_mult=1.0]",squeeze,"bb_length=30, kc_length=14, kc_mult=1.0",15m,24,27,0.7536694752913758,41.6320484961226,0.4444444444444444,False,8991,-0.9381511323307805,0.5812091153755741,1.7738614163258044,1.0
"squeeze[bb_length=30, kc_length=14, kc_mult=1.0]",squeeze,"bb_length=30, kc_length=14, kc_mult=1.0",15m,48,27,1.0229852314092012,66.16628824304118,0.48148148148148145,False,8991,-1.5954189438949613,0.578127965258172,2.8787206122237623,1.0
"squeeze[bb_length=30, kc_length=14, kc_mult=1.5]",squeeze,"bb_length=30, kc_length=14, kc_mult=1.5",15m,1,104,0.06744161829443593,3.977514910836872,0.5096153846153846,True,51466,0.03408871988422351,0.16870156414818785,0.007061030364401646,5.0
"squeeze[bb_length=30, kc_length=14, kc_mult=1.5]",squeeze,"bb_length=30, kc_length=14, kc_mult=1.5",15m,3,104,0.10413842270543555,1.5211004541855693,0.5673076923076923,False,51466,0.3388568146571373,0.25787085482691247,-0.18936733482455384,7.0
"squeeze[bb_length=30, kc_length=14, kc_mult=1.5]",squeeze,"bb_length=30, kc_length=14, kc_mult=1.5",15m,6,104,0.023880443452218934,1.4420844787763611,0.4807692307692308,False,51466,0.008600603986742266,0.3062687301976547,-0.19948751764158587,40.0
"squeeze[bb_length=30, kc_length=14, kc_mult=1.5]",squeeze,"bb_length=30, kc_length=14, kc_mult=1.5",15m,12,104,-0.41572445235174915,-20.13838213930082,0.47115384615384615,False,51466,-0.35376232091503484,0.3087247562550356,-1.0603140841638319,65.0
"squeeze[bb_length=30, kc_length=14, kc_mult=1.5]",squeeze,"bb_length=30, kc_length=14, kc_mult=1.5",15m,24,104,-0.7570699463562397,-41.127689420202,0.5,True,51466,-0.5802724143156514,-0.38534556205231346,-1.190381104783326,65.0
"squeeze[bb_length=30, kc_length=14, kc_mult=1.5]",squeeze,"bb_length=30, kc_length=14, kc_mult=1.5",15m,48,103,-0.8360963425596668,-38.560212758345955,0.44660194174757284,True,51466,-0.8438936665551404,-0.23330021573054693,-1.3428199904677,64.0
"squeeze[bb_length=30, kc_length=14, kc_mult=2.0]",squeeze,"bb_length=30, kc_length=14, kc_mult=2.0",15m,1,88,0.009224557566164963,-2.129954197552998,0.5340909090909091,False,77975,-0.0684708761861345,0.07835201329951685,0.039662614814877054,26.0
"squeeze[bb_length=30, kc_length=14, kc_mult=2.0]",squeeze,"bb_length=30, kc_length=14, kc_mult=2.0",15m,3,88,0.090394508435624,-2.4541962600866465,0.48863636363636365,False,77975,-0.17353132971700486,0.10274083634375684,0.3536941058465518,10.0
"squeeze[bb_length=30, kc_length=14, kc_mult=2.0]",squeeze,"bb_length=30, kc_length=14, kc_mult=2.0",15m,6,88,-0.0284746901925513,-3.9740249330473447,0.5113636363636364,False,77975,0.012670768955219916,-0.07788531823430689,-0.03539205603367865,53.0
"squeeze[bb_length=30, kc_length=14, kc_mult=2.0]",squeeze,"bb_length=30, kc_length=14, kc_mult=2.0",15m,12,88,0.14349795061447956,9.219295530430601,0.5227272727272727,False,77975,0.12115060579189585,-0.19863992248823367,0.412455246255344,6.0
"squeeze[bb_length=30, kc_length=14, kc_mult=2.0]",squeeze,"bb_length=30, kc_length=14, kc_mult=2.0",15m,24,88,0.3697434904563048,24.597622706765698,0.5113636363636364,False,77975,-0.40591383964544475,0.6939312983844022,0.9366301251754139,5.0
"squeeze[bb_length=30, kc_length=14, kc_mult=2.0]",squeeze,"bb_length=30, kc_length=14, kc_mult=2.0",15m,48,88,0.2947728248042829,28.049184515457515,0.48863636363636365,False,77975,-0.35260096922134326,-0.513987415516951,1.5436734726240966,8.0
"squeeze[bb_length=30, kc_length=20, kc_mult=1.0]",squeeze,"bb_length=30, kc_length=20, kc_mult=1.0",15m,1,27,0.04363031540700852,0.059906561295322576,0.48148148148148145,False,2620,,0.23690808493603185,-0.08924815114419506,9.0
"squeeze[bb_length=30, kc_length=20, kc_mult=1.0]",squeeze,"bb_length=30, kc_length=20, kc_mult=1.0",15m,3,27,0.18369824759718303,2.2413460267908705,0.5555555555555556,False,2620,,-0.029420432245562032,0.33021733998907016,3.0
"squeeze[bb_length=30, kc_length=20, kc_mult=1.0]",squeeze,"bb_length=30, kc_length=20, kc_mult=1.0",15m,6,27,0.1142471958215428,-5.473029297814254,0.4074074074074074,False,2620,,-0.08569445284976752,0.25170707928306857,7.0
"squeeze[bb_length=30, kc_length=20, kc_mult=1.0]",squeeze,"bb_length=30, kc_length=20, kc_mult=1.0",15m,12,27,0.048452888588437916,-6.396011135879866,0.5185185185185185,False,2620,,0.026778945639074105,0.06335372436612557,23.0
"squeeze[bb_length=30, kc_length=20, kc_mult=1.0]",squeeze,"bb_length=30, kc_length=20, kc_mult=1.0",15m,24,27,-0.4444276070503996,-29.208242899534632,0.4444444444444444,False,2620,,-0.2508910931632578,-0.5774839603478095,64.0
"squeeze[bb_length=30, kc_length=20, kc_mult=1.0]",squeeze,"bb_length=30, kc_length=20, kc_mult=1.0",15m,48,27,0.30916388092743646,7.86856133408931,0.4074074074074074,False,2620,,-1.0147243031204831,1.2193370074603815,6.0
"squeeze[bb_length=30, kc_length=20, kc_mult=1.5]",squeeze,"bb_length=30, kc_length=20, kc_mult=1.5",15m,1,271,0.02425853745226314,1.5810086246979211,0.46494464944649444,False,26976,0.024117865303506195,0.10768075538916079,-0.05904791902888656,14.0
"squeeze[bb_length=30, kc_length=20, kc_mult=1.5]",squeeze,"bb_length=30, kc_length=20, kc_mult=1.5",15m,3,271,0.08219095647988145,1.6653942380522218,0.4907749077490775,False,26976,0.16743335053226097,0.09712650564143215,-0.002891979453939838,11.0
"squeeze[bb_length=30, kc_length=20, kc_mult=1.5]",squeeze,"bb_length=30, kc_length=20, kc_mult=1.5",15m,6,271,0.028899186950327335,-2.5382815614442773,0.4907749077490775,False,26976,0.38544378931037804,-0.20737744135489922,-0.02823068043657116,33.0
"squeeze[bb_length=30, kc_length=20, kc_mult=1.5]",squeeze,"bb_length=30, kc_length=20, kc_mult=1.5",15m,12,270,0.02859103154302533,1.1228859510966829,0.5074074074074074,False,26976,0.1213589835351339,-0.06382772853929365,0.04563583063175613,28.0
"squeeze[bb_length=30, kc_length=20, kc_mult=1.5]",squeeze,"bb_length=30, kc_length=20, kc_mult=1.5",15m,24,270,-0.10260093716522513,-4.120273909036506,0.48148148148148145,False,26976,-0.3779640662094094,0.18590826092141555,-0.16737759290346624,54.0
"squeeze[bb_length=30, kc_length=20, kc_mult=1.5]",squeeze,"bb_length=30, kc_length=20, kc_mult=1.5",15m,48,269,-0.04497228240424886,-6.0945782537179936,0.49070631970260226,False,26976,-0.065269118750296,0.19102613820066913,-0.2667901260156222,49.0
"squeeze[bb_length=30, kc_length=20, kc_mult=2.0]",squeeze,"bb_length=30, kc_length=20, kc_mult=2.0",15m,1,287,-0.0676870638063792,-1.7813188805982751,0.43205574912891986,False,50035,-0.21095210453952085,-0.04032309804345678,0.036313265829608005,63.0
"squeeze[bb_length=30, kc_length=20, kc_mult=2.0]",squeeze,"bb_length=30, kc_length=20, kc_mult=2.0",15m,3,287,0.07570586636817686,1.8802181735605699,0.519163763066202,True,50035,0.09108283944055812,0.07871628477991142,0.05705882652167046,12.0
"squeeze[bb_length=30, kc_length=20, kc_mult=2.0]",squeeze,"bb_length=30, kc_length=20, kc_mult=2.0",15m,6,287,0.13212256515753487,3.0825464033791232,0.5296167247386759,True,50035,0.2031299588772413,0.009157205927019574,0.21825160306678162,5.0
"squeeze[bb_length=30, kc_length=20, kc_mult=2.0]",squeeze,"bb_length=30, kc_length=20, kc_mult=2.0",15m,12,287,0.15024761668768577,6.490568987656239,0.5400696864111498,True,50035,0.28393950457780803,0.023373638711737938,0.18072383213437843,5.0
"squeeze[bb_length=30, kc_length=20, kc_mult=2.0]",squeeze,"bb_length=30, kc_length=20, kc_mult=2.0",15m,24,287,0.3294321724471743,17.3923604466917,0.5331010452961672,False,50035,0.7427004301262738,-0.040633025137525154,0.3957943294031718,6.0
"squeeze[bb_length=30, kc_length=20, kc_mult=2.0]",squeeze,"bb_length=30, kc_length=20, kc_mult=2.0",15m,48,286,0.4027337662231915,13.935160146707833,0.5104895104895105,True,50035,0.779517887510867,0.07135452265912168,0.45626832131905176,5.0
"squeeze[bb_length=30, kc_length=30, kc_mult=1.0]",squeeze,"bb_length=30, kc_length=30, kc_mult=1.0",15m,1,252,-0.07598423989745422,-4.179196400672438,0.42857142857142855,False,0,0.028680790280425122,-0.11927341837379948,-0.07551398204464746,64.0
"squeeze[bb_length=30, kc_length=30, kc_mult=1.0]",squeeze,"bb_length=30, kc_length=30, kc_mult=1.0",15m,3,252,0.01792739097621225,-1.5170905847278737,0.4722222222222222,False,0,0.23011872449141102,-0.08293609838834869,0.03650031335465,25.0
"squeeze[bb_length=30, kc_length=30, kc_mult=1.0]",squeeze,"bb_length=30, kc_length=30, kc_mult=1.0",15m,6,252,-0.10980589039907437,-7.437213312721182,0.4603174603174603,False,0,0.4061877500767008,-0.3454205225953257,-0.07763097977695722,64.0
"squeeze[bb_length=30, kc_length=30, kc_mult=1.0]",squeeze,"bb_length=30, kc_length=30, kc_mult=1.0",15m,12,252,-0.2398627636877374,-12.466527376909248,0.43253968253968256,False,0,0.3695560743795876,-0.4171388522476982,-0.3376880724890729,64.0
"squeeze[bb_length=30, kc_length=30, kc_mult=1.0]",squeeze,"bb_length=30, kc_length=30, kc_mult=1.0",15m,24,252,-0.4148207253666757,-13.186779244341862,0.4642857142857143,True,0,-0.1176231845879127,-0.6564962473810197,-0.25377987343222014,63.0
"squeeze[bb_length=30, kc_length=30, kc_mult=1.0]",squeeze,"bb_length=30, kc_length=30, kc_mult=1.0",15m,48,252,-0.14060222443172804,-2.1765406807819336,0.49603174603174605,False,0,-0.6187258229280005,-0.38030646790647504,0.4455509849288063,56.0
"squeeze[bb_length=30, kc_length=30, kc_mult=1.5]",squeeze,"bb_length=30, kc_length=30, kc_mult=1.5",15m,1,2576,-0.016455707271371283,-0.6423162206221213,0.4503105590062112,False,0,-0.04741379222238732,-0.02265244929437889,0.022418867022587528,54.0
"squeeze[bb_length=30, kc_length=30, kc_mult=1.5]",squeeze,"bb_length=30, kc_length=30, kc_mult=1.5",15m,3,2576,-0.027515948358950798,-2.0259958891521173,0.46816770186335405,True,0,-0.05609502327301213,-0.011192868228065613,-0.01667831128032604,54.0
"squeeze[bb_length=30, kc_length=30, kc_mult=1.5]",squeeze,"bb_length=30, kc_length=30, kc_mult=1.5",15m,6,2576,-0.06117804976751354,-3.4207949779116675,0.468555900621118,True,0,-0.029770366800704003,-0.09596102821592332,-0.05394706153463946,58.0
"squeeze[bb_length=30, kc_length=30, kc_mult=1.5]",squeeze,"bb_length=30, kc_length=30, kc_mult=1.5",15m,12,2575,-0.02062396342207488,-2.6091874164549766,0.47883495145631066,False,0,0.0115213058404772,0.07048407871027523,-0.15716988980526575,45.0
"squeeze[bb_length=30, kc_length=30, kc_mult=1.5]",squeeze,"bb_length=30, kc_length=30, kc_mult=1.5",15m,24,2575,-0.006478061533060991,-2.1972966774357445,0.4862135922330097,False,0,0.10554453517763464,0.1370083317707477,-0.2845810156561133,45.0
"squeeze[bb_length=30, kc_length=30, kc_mult=1.5]",squeeze,"bb_length=30, kc_length=30, kc_mult=1.5",15m,48,2573,0.1627794515904266,5.076675538727187,0.5079673532841041,False,0,0.39210083920809263,0.3527741332155857,-0.28891604553629346,18.0
"squeeze[bb_length=30, kc_length=30, kc_mult=2.0]",squeeze,"bb_length=30, kc_length=30, kc_mult=2.0",15m,1,3532,-0.0052361742079935015,-0.7660720193717955,0.45328425821064555,False,0,0.003401493655097093,-0.003147801509423313,-0.015955578178851626,42.0
"squeeze[bb_length=30, kc_length=30, kc_mult=2.0]",squeeze,"bb_length=30, kc_length=30, kc_mult=2.0",15m,3,3532,0.012001683521227852,-0.4021620572949167,0.47055492638731594,False,0,0.03467782568396847,0.015460301928287208,-0.014185502911177547,27.0
"squeeze[bb_length=30, kc_length=30, kc_mult=2.0]",squeeze,"bb_length=30, kc_length=30, kc_mult=2.0",15m,6,3531,0.04037050164584592,1.1015987060902086,0.48399886717643725,False,0,0.10636668211762615,0.032520891501108824,-0.018491391458729578,25.0
"squeeze[bb_length=30, kc_length=30, kc_mult=2.0]",squeeze,"bb_length=30, kc_length=30, kc_mult=2.0",15m,12,3530,0.0028521079251864496,0.46039269143380335,0.47563739376770536,False,0,-0.007223474873291528,0.011500845766468738,0.004646795981655606,41.0
"squeeze[bb_length=30, kc_length=30, kc_mult=2.0]",squeeze,"bb_length=30, kc_length=30, kc_mult=2.0",15m,24,3530,0.005600864490713932,1.6707584510190865,0.4940509915014164,False,0,-0.1020981587466931,0.009860941697787133,0.10999995735964892,40.0
"squeeze[bb_length=30, kc_length=30, kc_mult=2.0]",squeeze,"bb_length=30, kc_length=30, kc_mult=2.0",15m,48,3527,0.07369084787461722,4.203047623494627,0.48965126169549195,False,0,0.12531637152494027,-0.018997498149735004,0.11123582576818516,29.0
"adx[length=7, threshold=15.0]",adx,"length=7, threshold=15.0",1h,1,212,0.10827131051872,13.983602917173354,0.49528301886792453,False,0,-0.05833556352054422,0.1793640878889361,0.17814141999414426,9.0
"adx[length=7, threshold=15.0]",adx,"length=7, threshold=15.0",1h,3,212,0.06286964821550962,11.053878408117026,0.5047169811320755,False,0,-0.24829168967298568,0.18690217718722105,0.2011087274427932,22.0
"adx[length=7, threshold=15.0]",adx,"length=7, threshold=15.0",1h,6,212,0.06429933284304178,13.6602282371555,0.47641509433962265,False,0,-0.23537669470549313,0.27990751201871694,0.11223625934000946,22.0
"adx[length=7, threshold=15.0]",adx,"length=7, threshold=15.0",1h,12,212,-0.10866107027046319,-4.833420046754891,0.45754716981132076,False,0,-0.37217613356678786,0.2357234540876732,-0.2036669907438948,59.0
"adx[length=7, threshold=15.0]",adx,"length=7, threshold=15.0",1h,24,212,-0.23634989426110725,-9.591552980058559,0.46226415094339623,False,0,-0.71494343592894,0.09449947138957869,-0.1478443559126838,59.0
"adx[length=7, threshold=15.0]",adx,"length=7, threshold=15.0",1h,48,212,0.061998182522593044,10.013364368918829,0.5,False,0,0.01805666195135166,0.2766086461690644,-0.09312101569594848,43.0
"adx[length=7, threshold=20.0]",adx,"length=7, threshold=20.0",1h,1,713,0.017708972735357542,1.8279306139337905,0.4964936886395512,False,0,-0.03300353232655474,0.020637626893029084,0.06729896010633657,35.0
"adx[length=7, threshold=20.0]",adx,"length=7, threshold=20.0",1h,3,713,-0.00662499326572121,-1.8153840000841113,0.49368863955119213,False,0,-0.11060558957404466,0.041690203396976704,0.05016828730815277,49.0
"adx[length=7, threshold=20.0]",adx,"length=7, threshold=20.0",1h,6,713,-0.04304720416460544,-5.027105226335416,0.47124824684431976,False,0,-0.08754214619245766,0.039686645386684996,-0.08458097871181491,51.0
"adx[length=7, threshold=20.0]",adx,"length=7, threshold=20.0",1h,12,712,-0.016334110835276746,-4.646923576203807,0.48735955056179775,False,0,-0.08339828129355607,0.04678034102485209,-0.01358996024288674,50.0
"adx[length=7, threshold=20.0]",adx,"length=7, threshold=20.0",1h,24,710,0.05642473467344222,-2.3654525507357365,0.4887323943661972,True,0,0.12801695611536157,0.022054311861863907,0.018490516507663698,32.0
"adx[length=7, threshold=20.0]",adx,"length=7, threshold=20.0",1h,48,706,0.26953785820870696,11.369481792643828,0.49008498583569404,False,0,0.5879429730581347,-0.0025209098523097857,0.2277149586377032,30.0
"adx[length=7, threshold=25.0]",adx,"length=7, threshold=25.0",1h,1,1151,0.021639292493292203,1.440868576440885,0.474370112945265,True,0,0.0005962373687553683,0.05118262462162749,0.013895661515205448,30.0
"adx[length=7, threshold=25.0]",adx,"length=7, threshold=25.0",1h,3,1151,0.03196851823161014,2.081419409263625,0.4908774978279757,False,0,0.08704262894384013,0.03447278584480808,-0.02452780692455035,28.0
"adx[length=7, threshold=25.0]",adx,"length=7, threshold=25.0",1h,6,1151,0.0024813421130311874,-0.07765700434968377,0.4882710686359687,False,0,0.006911862992062488,0.01068400599863483,-0.009757843663273157,39.0
"adx[length=7, threshold=25.0]",adx,"length=7, threshold=25.0",1h,12,1149,0.07027781375569833,4.899084448261757,0.4978241949521323,True,0,0.07102234536150569,0.07982040880817555,0.060346605179401845,28.0
"adx[length=7, threshold=25.0]",adx,"length=7, threshold=25.0",1h,24,1144,0.20415481156077947,8.104794938968242,0.5,False,0,0.4598500079125441,0.18089512579423228,-0.02516591660851297,19.0
"adx[length=7, threshold=25.0]",adx,"length=7, threshold=25.0",1h,48,1140,0.2308343522547708,14.373252463093078,0.48947368421052634,False,0,0.3866112138850183,0.33549581696485226,-0.023132183025008444,31.0
"adx[length=7, threshold=30.0]",adx,"length=7, threshold=30.0",1h,1,1325,0.0015059496916485758,0.6670747994038275,0.45962264150943394,False,0,-0.0005804692606439552,0.048692737373733384,-0.04212586827831236,48.0
"adx[length=7, threshold=30.0]",adx,"length=7, threshold=30.0",1h,3,1325,-0.02408720121060098,-0.2822060167571462,0.4611320754716981,False,0,-0.03943005132478294,0.06202262793927522,-0.09222587620184351,55.0
"adx[length=7, threshold=30.0]",adx,"length=7, threshold=30.0",1h,6,1325,-0.07730980951636571,-7.189299209004431,0.46037735849056605,False,0,-0.06909325300345447,0.038402838338812695,-0.19757814099184165,56.0
"adx[length=7, threshold=30.0]",adx,"length=7, threshold=30.0",1h,12,1323,-0.005160144240645278,-1.8051836240206065,0.47543461829176115,False,0,0.06472648172337189,-0.013310630712014004,-0.06682046102522143,45.0
"adx[length=7, threshold=30.0]",adx,"length=7, threshold=30.0",1h,24,1322,0.008626822431690474,-6.700256352578864,0.47881996974281393,False,0,0.13178820472644723,-0.08698759539802038,-0.02136919827780921,34.0
"adx[length=7, threshold=30.0]",adx,"length=7, threshold=30.0",1h,48,1321,0.06481668533665998,-2.122003553339991,0.4882664647993944,False,0,0.41899051535115356,-0.17642385784564477,-0.05330683942043651,42.0
"adx[length=10, threshold=15.0]",adx,"length=10, threshold=15.0",1h,1,307,0.06541254073259259,4.417625432660904,0.5374592833876222,True,0,0.03926500604728799,0.017617819594007576,0.14436957467976713,17.0
"adx[length=10, threshold=15.0]",adx,"length=10, threshold=15.0",1h,3,307,-0.015454743308393613,-3.8252912863304354,0.4820846905537459,False,0,-0.013791960973333973,-0.09011003807130738,0.06276848717384866,53.0
"adx[length=10, threshold=15.0]",adx,"length=10, threshold=15.0",1h,6,307,-0.06622027922373307,-9.373718593181637,0.46905537459283386,False,0,-0.012865786113313016,-0.18856879195087478,0.008246318254493554,54.0
"adx[length=10, threshold=15.0]",adx,"length=10, threshold=15.0",1h,12,306,0.004539635030665273,-8.87322842859739,0.4738562091503268,False,0,-0.002199520964947893,-0.2028089959985604,0.23621467092357723,42.0
"adx[length=10, threshold=15.0]",adx,"length=10, threshold=15.0",1h,24,303,0.06861919257761089,-8.583208733287453,0.46204620462046203,False,0,0.23259388835721254,-0.4572100400221287,0.46475468551755156,29.0
"adx[length=10, threshold=15.0]",adx,"length=10, threshold=15.0",1h,48,302,0.20314591154990377,1.5999348610702266,0.4768211920529801,False,0,0.6148806514109805,-0.5699243976437448,0.5905756894593125,32.0
"adx[length=10, threshold=20.0]",adx,"length=10, threshold=20.0",1h,1,765,0.0006738233230120876,0.6666246695199514,0.4496732026143791,False,0,-0.02494405926263077,0.013160570316436254,0.014924315163523228,51.0
"adx[length=10, threshold=20.0]",adx,"length=10, threshold=20.0",1h,3,765,-0.007598484535247637,-0.5303260630577662,0.4875816993464052,False,0,-0.019564744273757394,0.08336957067196576,-0.07647568272199312,50.0
"adx[length=10, threshold=20.0]",adx,"length=10, threshold=20.0",1h,6,765,-0.03876394935550683,-2.7998588349613556,0.48104575163398694,False,0,-0.08763049602073039,0.03351091494331219,-0.05457209297042216,50.0
"adx[length=10, threshold=20.0]",adx,"length=10, threshold=20.0",1h,12,762,0.051510047235135026,2.869051843943652,0.4763779527559055,False,0,-0.06150556842674975,0.22748488388310736,0.007193083805475785,32.0
"adx[length=10, threshold=20.0]",adx,"length=10, threshold=20.0",1h,24,762,0.04564865300794972,-1.2362840638748973,0.484251968503937,False,0,0.004843653965018182,0.16328092853614057,-0.01832370548215138,33.0
"adx[length=10, threshold=20.0]",adx,"length=10, threshold=20.0",1h,48,761,0.34458696928887617,29.56061585518315,0.5006570302233903,True,0,0.21248923713280943,0.5209269963541835,0.3183137682790127,25.0
"adx[length=10, threshold=25.0]",adx,"length=10, threshold=25.0",1h,1,926,0.022306781460935215,1.9806051440532757,0.45464362850971923,False,0,0.03572257185046501,0.04091091723239211,-0.008060726860704626,29.0
"adx[length=10, threshold=25.0]",adx,"length=10, threshold=25.0",1h,3,926,0.019097770217126917,3.6036455406459997,0.47300215982721383,False,0,0.04492996260430356,-0.0371839577840523,0.04869949225527644,34.0
"adx[length=10, threshold=25.0]",adx,"length=10, threshold=25.0",1h,6,926,0.021235899972962546,2.1954879511969425,0.48056155507559395,False,0,0.03460506359011897,0.06560567656687355,-0.03372628978604901,30.0
"adx[length=10, threshold=25.0]",adx,"length=10, threshold=25.0",1h,12,923,0.07628589751497496,4.979157696186007,0.48429035752979416,False,0,0.18075407004785962,-0.0868724930254081,0.1343652878832643,26.0
"adx[length=10, threshold=25.0]",adx,"length=10, threshold=25.0",1h,24,923,0.14226125086649027,3.8752482055665185,0.4962080173347779,False,0,0.38180250462801535,-0.0447632332103132,0.09655477051767862,23.0
"adx[length=10, threshold=25.0]",adx,"length=10, threshold=25.0",1h,48,923,0.35177013858988143,18.84512743573555,0.5092091007583965,True,0,0.7890521176372841,0.09926976709703923,0.1833228080887636,24.0
"adx[length=10, threshold=30.0]",adx,"length=10, threshold=30.0",1h,1,841,0.02283255297750514,3.05974962959895,0.4637336504161712,False,0,0.04390835881058879,0.026273703496846105,-0.0034097056890117264,27.0
"adx[length=10, threshold=30.0]",adx,"length=10, threshold=30.0",1h,3,841,0.022800309290788714,3.3459239494759134,0.4625445897740785,False,0,0.013664894658818748,0.08503827030812976,-0.033834738662883536,32.0
"adx[length=10, threshold=30.0]",adx,"length=10, threshold=30.0",1h,6,840,0.00047993429293052993,1.7080726923582625,0.47619047619047616,False,0,-0.014209075792481995,0.008253492154615082,0.00794251236810517,43.0
"adx[length=10, threshold=30.0]",adx,"length=10, threshold=30.0",1h,12,838,0.08549662894292429,2.00052651631747,0.48687350835322196,True,0,0.17393419553169298,0.06299754533268548,0.014781628135921213,24.0
"adx[length=10, threshold=30.0]",adx,"length=10, threshold=30.0",1h,24,838,0.2763785689116187,12.651525178704665,0.5155131264916468,True,0,0.4455414227277329,0.3050039973108529,0.06462267645772209,16.0
"adx[length=10, threshold=30.0]",adx,"length=10, threshold=30.0",1h,48,838,0.4224877754233521,22.95721321828849,0.5250596658711217,True,0,0.5361185397111256,0.4490482039350395,0.2724199075876438,16.0
"adx[length=14, threshold=15.0]",adx,"length=14, threshold=15.0",1h,1,374,0.02605085134128013,2.1171034962625255,0.47058823529411764,False,0,-0.009140820309178434,-0.05213442126240269,0.1451777587883983,26.0
"adx[length=14, threshold=15.0]",adx,"length=14, threshold=15.0",1h,3,374,0.038008251116112717,3.744088941783443,0.516042780748663,True,0,0.05337868385039035,0.01782265238726654,0.04122522136650924,26.0
"adx[length=14, threshold=15.0]",adx,"length=14, threshold=15.0",1h,6,374,-0.08434934146853174,-7.711388965018186,0.4732620320855615,True,0,-0.01429555396344788,-0.17750601898640314,-0.06851110235944602,57.0
"adx[length=14, threshold=15.0]",adx,"length=14, threshold=15.0",1h,12,371,0.13257419049073665,7.852101075043242,0.5202156334231806,False,0,0.20553938849225412,-0.006294512244637425,0.19155616501652536,17.0
"adx[length=14, threshold=15.0]",adx,"length=14, threshold=15.0",1h,24,371,0.1178851238482778,4.469770852403356,0.5040431266846361,False,0,0.21008374990952836,-0.19564688673763136,0.33281244591745396,25.0
"adx[length=14, threshold=15.0]",adx,"length=14, threshold=15.0",1h,48,370,0.3894435095243984,18.572887465251195,0.5108108108108108,False,0,0.5979706274495822,-0.1576165038602352,0.7134870558671902,19.0
"adx[length=14, threshold=20.0]",adx,"length=14, threshold=20.0",1h,1,618,-0.004947584781612745,-0.060133244561470775,0.47572815533980584,False,0,-0.09885026318007613,0.06728713576659286,0.010044827210934366,54.0
"adx[length=14, threshold=20.0]",adx,"length=14, threshold=20.0",1h,3,618,0.018741269524926683,1.5407180771690547,0.46601941747572817,False,0,-0.007496979547316155,0.07838026173525255,-0.01652475198322095,35.0
"adx[length=14, threshold=20.0]",adx,"length=14, threshold=20.0",1h,6,617,0.043522039589567574,6.075767144220506,0.47974068071312803,False,0,-0.05536732306292238,0.12614771074510328,0.052799651332758046,26.0
"adx[length=14, threshold=20.0]",adx,"length=14, threshold=20.0",1h,12,615,0.09484410386955948,3.251025801125483,0.4715447154471545,True,0,0.071493313455405,0.11340077532458862,0.09797030922767379,21.0
"adx[length=14, threshold=20.0]",adx,"length=14, threshold=20.0",1h,24,615,0.16612484593473945,6.966931592050822,0.5008130081300813,False,0,-0.01744803105981903,0.28303311738472253,0.21967710312256045,21.0
"adx[length=14, threshold=20.0]",adx,"length=14, threshold=20.0",1h,48,615,0.5085793570048411,34.46289938496513,0.5056910569105691,True,0,0.33677529238763815,0.6206909953640747,0.5560000643615819,13.0
"adx[length=14, threshold=25.0]",adx,"length=14, threshold=25.0",1h,1,618,0.04175051795511359,5.346065954074677,0.47896440129449835,False,0,0.08713439260075806,-0.009858226157080445,0.04548818594267037,22.0
"adx[length=14, threshold=25.0]",adx,"length=14, threshold=25.0",1h,3,618,0.00775119118746656,2.7149689051840844,0.47249190938511326,False,0,0.01918646375168524,-0.011877013195375513,0.014970432645865905,41.0
"adx[length=14, threshold=25.0]",adx,"length=14, threshold=25.0",1h,6,616,-0.02459750362956772,0.8527985789795165,0.45292207792207795,False,0,-0.1408156635535027,0.004248095861602461,0.06331653715579787,47.0
"adx[length=14, threshold=25.0]",adx,"length=14, threshold=25.0",1h,12,616,0.1129833250024685,1.0786207742103673,0.46266233766233766,False,0,0.26221712628959043,0.12302496991777455,-0.0442970386211122,19.0
"adx[length=14, threshold=25.0]",adx,"length=14, threshold=25.0",1h,24,616,0.3077178843592851,16.216565678160674,0.5211038961038961,True,0,0.5514139593455907,0.3151068709126331,0.05937596562254933,13.0
"adx[length=14, threshold=25.0]",adx,"length=14, threshold=25.0",1h,48,616,0.5238693069025344,33.134004638316604,0.5178571428571429,True,0,0.6479727864826669,0.7000345715920266,0.234849087087358,12.0
"adx[length=14, threshold=30.0]",adx,"length=14, threshold=30.0",1h,1,487,0.0010182904438780025,-0.35359707618925496,0.4455852156057495,False,0,-0.07029886103553493,0.04670208165805149,0.028997186942538045,50.0
"adx[length=14, threshold=30.0]",adx,"length=14, threshold=30.0",1h,3,487,0.0010977323700013429,0.14568012100000727,0.4620123203285421,False,0,-0.031906250282548225,0.0617041200500373,-0.029030382921438055,45.0
"adx[length=14, threshold=30.0]",adx,"length=14, threshold=30.0",1h,6,487,0.15126962293564314,8.672490222527053,0.49691991786447637,True,0,0.14736971959328665,0.09529881405655949,0.21661870098126734,15.0
"adx[length=14, threshold=30.0]",adx,"length=14, threshold=30.0",1h,12,487,0.2808972934826726,15.061668049128613,0.5092402464065708,True,0,0.3034743968995137,0.26834918294325916,0.2699506149824741,12.0
"adx[length=14, threshold=30.0]",adx,"length=14, threshold=30.0",1h,24,487,0.3489924875446842,17.278968996512464,0.5071868583162218,False,0,0.5750865957372872,-0.005147577756045709,0.48875506817904485,10.0
"adx[length=14, threshold=30.0]",adx,"length=14, threshold=30.0",1h,48,487,0.5550071041222818,28.119305090144135,0.5256673511293635,True,0,0.7668734643562882,0.3024342185489552,0.5994384095580104,11.0
"adx[length=20, threshold=15.0]",adx,"length=20, threshold=15.0",1h,1,385,0.061728425302393634,5.358435473644812,0.4675324675324675,True,0,0.12244072208131081,0.005500865424752783,0.061377851456561175,18.0
"adx[length=20, threshold=15.0]",adx,"length=20, threshold=15.0",1h,3,385,0.017065232727191418,1.8733645950731608,0.4675324675324675,False,0,0.01472671262813764,0.06475034024467104,-0.029140892042990883,37.0
"adx[length=20, threshold=15.0]",adx,"length=20, threshold=15.0",1h,6,384,-0.06002461397067856,-6.3588700712558035,0.4583333333333333,False,0,-0.11815727323200376,0.0650171498039124,-0.13254551109550802,53.0
"adx[length=20, threshold=15.0]",adx,"length=20, threshold=15.0",1h,12,382,-0.027945502634007763,-6.871973892332377,0.44502617801047123,False,0,-0.10822602288081444,1.2449557425704027e-05,0.019587301498028137,52.0
"adx[length=20, threshold=15.0]",adx,"length=20, threshold=15.0",1h,24,382,0.00807604414899604,1.2561478037529437,0.46335078534031415,False,0,-0.4457212807441768,0.09781648269271045,0.3461169448291549,35.0
"adx[length=20, threshold=15.0]",adx,"length=20, threshold=15.0",1h,48,382,0.40672309887267616,28.45462657675823,0.5026178010471204,True,0,0.026521788738570546,0.3737630499203164,0.7997643876255446,17.0
"adx[length=20, threshold=20.0]",adx,"length=20, threshold=20.0",1h,1,422,0.0034470860993380424,-0.5694787162749786,0.4549763033175355,False,0,-0.008887543692730008,0.05640200013771107,-0.03856565647864184,45.0
"adx[length=20, threshold=20.0]",adx,"length=20, threshold=20.0",1h,3,422,0.04791137146030012,4.461140292769631,0.495260663507109,True,0,0.030448237561949917,0.0929632567101688,0.01944319950396961,25.0
"adx[length=20, threshold=20.0]",adx,"length=20, threshold=20.0",1h,6,422,0.07592237680094382,8.297584654833036,0.48104265402843605,False,0,-0.024718396956482983,0.03132733558920115,0.2271933731467796,21.0
"adx[length=20, threshold=20.0]",adx,"length=20, threshold=20.0",1h,12,422,0.18055789953944684,15.464643812062578,0.4881516587677725,False,0,-0.15159482842207064,0.22013520119214058,0.4862357335818883,15.0
"adx[length=20, threshold=20.0]",adx,"length=20, threshold=20.0",1h,24,422,0.40413220142043094,26.385698786641218,0.5213270142180095,True,0,0.15056106888478885,0.44921812552406143,0.6220772432443821,9.0
"adx[length=20, threshold=20.0]",adx,"length=20, threshold=20.0",1h,48,422,0.5894941984038515,37.65486558839557,0.514218009478673,True,0,0.4530562568224826,0.6786815328378992,0.639465177648384,8.0
"adx[length=20, threshold=25.0]",adx,"length=20, threshold=25.0",1h,1,352,0.09408374116905843,8.555083283637641,0.4659090909090909,True,0,0.016975291420800998,0.15276323206022357,0.10657937552600288,14.0
"adx[length=20, threshold=25.0]",adx,"length=20, threshold=25.0",1h,3,352,0.1949909156925564,16.72830146606007,0.5482954545454546,True,0,0.12206622652259196,0.14074601253407343,0.32513750584784207,9.0
"adx[length=20, threshold=25.0]",adx,"length=20, threshold=25.0",1h,6,352,0.2508321099181008,16.289731347524672,0.5056818181818182,True,0,0.19341968650976518,0.17398838062449368,0.3901036427663548,8.0
"adx[length=20, threshold=25.0]",adx,"length=20, threshold=25.0",1h,12,352,0.4342272318178747,26.892353253095973,0.5340909090909091,True,0,0.3923884378967566,0.38814359898875483,0.5250285725474155,5.0
"adx[length=20, threshold=25.0]",adx,"length=20, threshold=25.0",1h,24,352,0.6190764142729499,32.72399859754528,0.4971590909090909,True,0,0.7338824990549581,0.40711614674923985,0.7348154194257599,4.0
"adx[length=20, threshold=25.0]",adx,"length=20, threshold=25.0",1h,48,352,0.5699552949445379,18.268379725410195,0.5028409090909091,True,0,0.6318783028133385,0.45092570169324003,0.6374541616748552,9.0
"adx[length=20, threshold=30.0]",adx,"length=20, threshold=30.0",1h,1,272,-0.010072267030551673,-2.3736781428172384,0.4485294117647059,False,0,-0.05405809026596666,0.03863845464703399,-0.011284517595305814,56.0
"adx[length=20, threshold=30.0]",adx,"length=20, threshold=30.0",1h,3,272,0.1448277542177115,8.589329142892332,0.47794117647058826,False,0,0.07237479286734111,0.375705120658737,-0.0061180538556037225,12.0
"adx[length=20, threshold=30.0]",adx,"length=20, threshold=30.0",1h,6,272,0.1163255868841956,-1.0571690736342367,0.4632352941176471,False,0,0.26670980480186796,0.38157353900905905,-0.30646453097161186,17.0
"adx[length=20, threshold=30.0]",adx,"length=20, threshold=30.0",1h,12,272,0.3225132176220943,14.23467225866618,0.49264705882352944,False,0,0.39400926317983537,0.5767616627500192,-0.0051945070884988195,10.0
"adx[length=20, threshold=30.0]",adx,"length=20, threshold=30.0",1h,24,272,0.4690515228984108,23.94119196974934,0.5036764705882353,True,0,0.6136317582622841,0.6782530389416066,0.10787336816392548,7.0
"adx[length=20, threshold=30.0]",adx,"length=20, threshold=30.0",1h,48,272,0.13909462265960365,-21.1211550055835,0.46691176470588236,False,0,0.2710989126913261,0.4657091423439114,-0.32475352661267376,38.0
"adx[length=28, threshold=15.0]",adx,"length=28, threshold=15.0",1h,1,305,-0.007950847946027954,-1.6887403417290865,0.419672131147541,False,0,-0.027271078383642018,0.07013139456701466,-0.07497001441661762,55.0
"adx[length=28, threshold=15.0]",adx,"length=28, threshold=15.0",1h,3,305,-0.0824617847901394,-6.010112778989996,0.4360655737704918,False,0,-0.20759633299241997,0.03363408223825365,-0.08271847364414338,60.0
"adx[length=28, threshold=15.0]",adx,"length=28, threshold=15.0",1h,6,303,0.0016257937036545129,1.0230575001680589,0.47194719471947194,False,0,-0.22638782932501855,0.11873154172912675,0.10861586937179805,42.0
"adx[length=28, threshold=15.0]",adx,"length=28, threshold=15.0",1h,12,303,0.1164304710521409,4.567402906789542,0.4752475247524752,False,0,-0.11306895374206989,0.23176601617256953,0.22694129554729936,18.0
"adx[length=28, threshold=15.0]",adx,"length=28, threshold=15.0",1h,24,303,0.30846443806442436,21.72668841503171,0.49174917491749176,True,0,0.005101375738792271,0.4926599245112144,0.41916640871813965,12.0
"adx[length=28, threshold=15.0]",adx,"length=28, threshold=15.0",1h,48,303,0.395154168328458,16.057052546540937,0.5247524752475248,True,0,0.3390788883297954,0.24955765166638094,0.6158453691900051,18.0
"adx[length=28, threshold=20.0]",adx,"length=28, threshold=20.0",1h,1,276,0.020906832932390006,3.529620822730465,0.48188405797101447,True,0,0.0018587120612718168,0.052777903333987644,0.006615049241002425,32.0
"adx[length=28, threshold=20.0]",adx,"length=28, threshold=20.0",1h,3,276,0.019634513688176834,0.3371030670262864,0.4384057971014493,False,0,-0.1215617989647906,0.171966030168796,-0.006626785291438326,33.0
"adx[length=28, threshold=20.0]",adx,"length=28, threshold=20.0",1h,6,276,0.20489751136856432,12.202021890482825,0.463768115942029,True,0,0.11691721335602889,0.36138794892023013,0.13007189121890625,10.0
"adx[length=28, threshold=20.0]",adx,"length=28, threshold=20.0",1h,12,276,0.3636867481795393,22.20223551151632,0.4746376811594203,False,0,0.5124415488652188,0.6235285383234568,-0.007745340006719788,9.0
"adx[length=28, threshold=20.0]",adx,"length=28, threshold=20.0",1h,24,276,0.5792122583745696,32.273097826046694,0.5036231884057971,True,0,1.0245912404790771,0.5635906988567827,0.22064630968767893,5.0
"adx[length=28, threshold=20.0]",adx,"length=28, threshold=20.0",1h,48,276,0.563946174443205,20.380289716022347,0.5,True,0,1.0313429830348646,0.5639345216004501,0.1720993083231161,10.0
"adx[length=28, threshold=25.0]",adx,"length=28, threshold=25.0",1h,1,209,0.021045367904134544,-3.1457347768535042,0.45454545454545453,False,0,0.08894926396466193,0.027391867239442296,-0.062148260791640146,31.0
"adx[length=28, threshold=25.0]",adx,"length=28, threshold=25.0",1h,3,209,0.06671496806747688,0.6038383263558141,0.48325358851674644,False,0,0.1157824432577091,0.2668320577320191,-0.20698101739513006,21.0
"adx[length=28, threshold=25.0]",adx,"length=28, threshold=25.0",1h,6,209,0.18210968819482395,7.304760024533008,0.49282296650717705,False,0,0.2940750584985038,0.42525680534228205,-0.2092275017996091,11.0
"adx[length=28, threshold=25.0]",adx,"length=28, threshold=25.0",1h,12,209,0.09328341654937204,-5.186698482185327,0.47368421052631576,False,0,0.2645124275823326,0.1365265392561773,-0.1462547298750787,22.0
"adx[length=28, threshold=25.0]",adx,"length=28, threshold=25.0",1h,24,209,0.062430620955493905,-17.276505081982396,0.47368421052631576,False,0,0.19774153865939853,-0.03687997347328809,0.01894377806408597,30.0
"adx[length=28, threshold=25.0]",adx,"length=28, threshold=25.0",1h,48,209,-0.19864702119024197,-54.15362154991509,0.4354066985645933,False,0,-0.2935094606634545,0.08353515394606753,-0.4003389650846031,60.0
"adx[length=28, threshold=30.0]",adx,"length=28, threshold=30.0",1h,1,137,0.008637151147894723,3.1563291558843476,0.45255474452554745,False,0,-0.14029093989359376,0.10064861697021257,0.09873077045172217,42.0
"adx[length=28, threshold=30.0]",adx,"length=28, threshold=30.0",1h,3,137,0.06889320408211,12.391176091096611,0.4233576642335766,False,0,-0.24153968021651576,0.4034245247372042,0.09610821793334254,20.0
"adx[length=28, threshold=30.0]",adx,"length=28, threshold=30.0",1h,6,137,-0.07330215605385577,-6.848260698181701,0.43795620437956206,False,0,-0.29843457336680496,0.21953431653846947,-0.11007104521338773,55.0
"adx[length=28, threshold=30.0]",adx,"length=28, threshold=30.0",1h,12,137,0.07063586983952531,-1.8006910581160707,0.45985401459854014,False,0,-0.1685240307799676,0.3715857852679201,0.04297508578792204,27.0
"adx[length=28, threshold=30.0]",adx,"length=28, threshold=30.0",1h,24,137,-0.16031165415193568,-20.33447920492585,0.48175182481751827,False,0,-0.6068036122610788,0.27186742204780223,-0.06607356933475521,57.0
"adx[length=28, threshold=30.0]",adx,"length=28, threshold=30.0",1h,48,137,-0.5221763908767922,-60.45312039773647,0.46715328467153283,False,0,-0.9947071212465447,0.08676408144898706,-0.5929444727626153,63.0
"wavetrend[n1=6, n2=12, mode=all]",wavetrend,"n1=6, n2=12, mode=all",1h,1,6938,0.009129218665675327,0.6808800852739301,0.48645142692418564,True,0,0.01506577769714471,0.004829707501718756,0.007652245895733313,41.0
"wavetrend[n1=6, n2=12, mode=all]",wavetrend,"n1=6, n2=12, mode=all",1h,3,6938,-0.004236476671032647,-0.5432940510472178,0.48918996829057365,False,0,0.006314110210974045,-0.008498945947764859,-0.01017992444709343,47.0
"wavetrend[n1=6, n2=12, mode=all]",wavetrend,"n1=6, n2=12, mode=all",1h,6,6935,-0.0010001133670736592,-0.02919332295826843,0.49026676279740444,False,0,0.010159589020981281,0.004380380189026962,-0.016999370510281674,44.0
"wavetrend[n1=6, n2=12, mode=all]",wavetrend,"n1=6, n2=12, mode=all",1h,12,6931,-0.017276281023166647,-0.6447252932374011,0.5022363295339778,True,0,-0.0011965816644833838,-0.023416306618693317,-0.026678421573628895,51.0
"wavetrend[n1=6, n2=12, mode=all]",wavetrend,"n1=6, n2=12, mode=all",1h,24,6925,-0.026496624067332112,-2.1978302000410253,0.4927075812274368,True,0,-0.008030664655688649,-0.009541830274787779,-0.060891456346574634,45.0
"wavetrend[n1=6, n2=12, mode=all]",wavetrend,"n1=6, n2=12, mode=all",1h,48,6907,-0.011803711994714907,-0.5546331023949861,0.4916751122050094,True,0,-0.003503492998743024,-0.006979781830008646,-0.0244953253833527,53.0
"wavetrend[n1=6, n2=12, mode=zone]",wavetrend,"n1=6, n2=12, mode=zone",1h,1,938,0.02820069905584603,2.601537200752911,0.5522388059701493,True,0,0.047256985442139146,0.026314444509552608,0.011594331796302848,25.0
"wavetrend[n1=6, n2=12, mode=zone]",wavetrend,"n1=6, n2=12, mode=zone",1h,3,938,-0.008192573950244326,1.250771033085393,0.5373134328358209,False,0,0.012773978394907655,-0.023903851472731677,-0.013084962426001413,51.0
"wavetrend[n1=6, n2=12, mode=zone]",wavetrend,"n1=6, n2=12, mode=zone",1h,6,937,0.0023637818869448927,3.589413050934207,0.5325506937033084,False,0,0.03289239700817473,-0.023139679024865606,-0.0022627499173498286,40.0
"wavetrend[n1=6, n2=12, mode=zone]",wavetrend,"n1=6, n2=12, mode=zone",1h,12,937,0.04279382166608122,10.876646808515003,0.5432230522945571,False,0,0.21558513982209765,-0.15344423079429162,0.06735453966332307,33.0
"wavetrend[n1=6, n2=12, mode=zone]",wavetrend,"n1=6, n2=12, mode=zone",1h,24,937,-0.0974245444535811,-1.365630406057176,0.5144076840981857,False,0,0.17673276166072235,-0.2532575187344674,-0.21055786294996437,48.0
"wavetrend[n1=6, n2=12, mode=zone]",wavetrend,"n1=6, n2=12, mode=zone",1h,48,933,-0.07903538517927751,11.367488713558567,0.5219721329046088,True,0,-0.06198999604273991,-0.12005843666757213,-0.05537211424681431,55.0
"wavetrend[n1=6, n2=21, mode=all]",wavetrend,"n1=6, n2=21, mode=all",1h,1,6298,0.0027102912690043037,-0.40138538831556814,0.4831692600825659,False,0,0.018438597949711456,-0.016472289981808445,0.00635474226173989,46.0
"wavetrend[n1=6, n2=21, mode=all]",wavetrend,"n1=6, n2=21, mode=all",1h,3,6298,-0.006358382779972173,-1.1931645116675964,0.4857097491267069,False,0,0.014229211893026521,-0.0238169653836643,-0.009326315613012417,48.0
"wavetrend[n1=6, n2=21, mode=all]",wavetrend,"n1=6, n2=21, mode=all",1h,6,6295,-0.0010280105600051043,-0.15455140588323296,0.49181890389197774,False,0,0.014169133135421867,0.0014832076478074386,-0.018794322588553007,45.0
"wavetrend[n1=6, n2=21, mode=all]",wavetrend,"n1=6, n2=21, mode=all",1h,12,6293,-0.0119337480364766,-0.7088742882351494,0.5043699348482441,True,0,-0.00213624572285646,-0.01136970831952988,-0.022330484147792092,48.0
"wavetrend[n1=6, n2=21, mode=all]",wavetrend,"n1=6, n2=21, mode=all",1h,24,6287,-0.016504315611037403,-1.7582808345013898,0.49451248608239223,False,0,-0.0030577017886184326,0.003737743327592305,-0.05048410262404719,40.0
"wavetrend[n1=6, n2=21, mode=all]",wavetrend,"n1=6, n2=21, mode=all",1h,48,6271,-0.010074499829997884,-1.0768837380010066,0.4906713442832084,False,0,0.012580312567526073,-0.01375442746707291,-0.029050490302268132,52.0
"wavetrend[n1=6, n2=21, mode=zone]",wavetrend,"n1=6, n2=21, mode=zone",1h,1,297,0.009210093231402742,-0.28251197160398267,0.5454545454545454,False,0,0.058005134026513895,0.009281704884079674,-0.04943662962619494,40.0
"wavetrend[n1=6, n2=21, mode=zone]",wavetrend,"n1=6, n2=21, mode=zone",1h,3,297,-0.02291047383305642,1.1094612350381938,0.494949494949495,False,0,-0.10573073868068153,0.004664050190552651,0.04078916583589368,54.0
"wavetrend[n1=6, n2=21, mode=zone]",wavetrend,"n1=6, n2=21, mode=zone",1h,6,297,-0.16739702607318185,-9.557011339615908,0.48148148148148145,True,0,-0.3053986764289743,-0.12330914066471237,-0.05884995617483868,62.0
"wavetrend[n1=6, n2=21, mode=zone]",wavetrend,"n1=6, n2=21, mode=zone",1h,12,297,-0.19560911977728962,-10.092382813293472,0.531986531986532,True,0,-0.07393206624897863,-0.2515596564229903,-0.26921500717565017,61.0
"wavetrend[n1=6, n2=21, mode=zone]",wavetrend,"n1=6, n2=21, mode=zone",1h,24,297,-0.3068065655789584,-15.566249828366246,0.49158249158249157,False,0,0.01985704860834823,-0.37388054239246943,-0.6120012855509473,60.0
"wavetrend[n1=6, n2=21, mode=zone]",wavetrend,"n1=6, n2=21, mode=zone",1h,48,297,-0.22196669158976848,1.2727014961791885,0.5252525252525253,False,0,-0.4192336841073772,0.11763423233550704,-0.4247298491778183,62.0
"wavetrend[n1=6, n2=34, mode=all]",wavetrend,"n1=6, n2=34, mode=all",1h,1,5916,0.0012456257742786392,-0.781825066315211,0.47920892494929007,False,0,0.012033587521143543,-0.001230435208444141,-0.007079727345573003,49.0
"wavetrend[n1=6, n2=34, mode=all]",wavetrend,"n1=6, n2=34, mode=all",1h,3,5914,-0.002959887765425797,-1.100519578361827,0.48359824146094016,False,0,0.02483065404682079,-0.01310075235809293,-0.020662154206021015,46.0
"wavetrend[n1=6, n2=34, mode=all]",wavetrend,"n1=6, n2=34, mode=all",1h,6,5913,0.004981373311557041,0.27096751437865185,0.493488922712667,False,0,0.0192284389822432,0.022637237513073453,-0.02691809760729107,38.0
"wavetrend[n1=6, n2=34, mode=all]",wavetrend,"n1=6, n2=34, mode=all",1h,12,5911,-0.0078098306679788305,-0.6414248674855088,0.5044831669768228,False,0,0.0023460037538774233,0.015898391014784866,-0.041694518229016965,47.0
"wavetrend[n1=6, n2=34, mode=all]",wavetrend,"n1=6, n2=34, mode=all",1h,24,5905,-0.01753520900029378,-2.1693817907568134,0.49212531752751904,False,0,0.008600832121653622,0.004727530170135118,-0.06598713833409749,42.0
"wavetrend[n1=6, n2=34, mode=all]",wavetrend,"n1=6, n2=34, mode=all",1h,48,5889,-0.008605347014483566,-0.9553907950641242,0.49074545763287486,False,0,0.00712388195308103,0.0055534824047397445,-0.038495005400811314,50.0
"wavetrend[n1=6, n2=34, mode=zone]",wavetrend,"n1=6, n2=34, mode=zone",1h,1,89,-0.21885036115159395,-24.314378379882594,0.4157303370786517,True,0,-0.15936084358103003,-0.07183004175465503,-0.4294629234687909,65.0
"wavetrend[n1=6, n2=34, mode=zone]",wavetrend,"n1=6, n2=34, mode=zone",1h,3,89,-0.2639088072714922,-23.57002957934626,0.4606741573033708,True,0,-0.261359732170571,-0.16908602885400995,-0.3614564590727176,64.0
"wavetrend[n1=6, n2=34, mode=zone]",wavetrend,"n1=6, n2=34, mode=zone",1h,6,89,-0.14621868182821052,-3.979002329302736,0.47191011235955055,True,0,-0.09756182641212949,-0.0324967276545412,-0.31195313661907,61.0
"wavetrend[n1=6, n2=34, mode=zone]",wavetrend,"n1=6, n2=34, mode=zone",1h,12,89,-0.013791429006375776,17.86641997630876,0.5056179775280899,False,0,0.17376874181986654,-0.08068135766179628,-0.14739685537211078,49.0
"wavetrend[n1=6, n2=34, mode=zone]",wavetrend,"n1=6, n2=34, mode=zone",1h,24,89,0.20833115793356594,49.90525609242199,0.5617977528089888,False,0,0.36237806620395724,0.30733144027029835,-0.055339957381860726,18.0
"wavetrend[n1=6, n2=34, mode=zone]",wavetrend,"n1=6, n2=34, mode=zone",1h,48,89,-0.5931453144807377,-0.10395240649099395,0.5056179775280899,True,0,-0.722818472039977,-0.48072435930171903,-0.5669501357171212,64.0
"wavetrend[n1=10, n2=12, mode=all]",wavetrend,"n1=10, n2=12, mode=all",1h,1,5852,0.0017449587809883148,-0.260554170478365,0.48650034176349966,False,0,0.01484165284522585,-0.012348358872115097,0.0027467090344059863,47.0
"wavetrend[n1=10, n2=12, mode=all]",wavetrend,"n1=10, n2=12, mode=all",1h,3,5852,0.0012270846961226806,-0.3098502280019376,0.4902597402597403,False,0,0.016033866472545243,-0.013321147666804827,0.0009672052959326721,44.0
"wavetrend[n1=10, n2=12, mode=all]",wavetrend,"n1=10, n2=12, mode=all",1h,6,5849,-0.003079650635886926,-0.20924668860809884,0.49461446401094206,False,0,0.010006673489094333,-0.0018410695796349796,-0.017478281525721426,46.0
"wavetrend[n1=10, n2=12, mode=all]",wavetrend,"n1=10, n2=12, mode=all",1h,12,5847,-0.0016568908097171465,0.7629114655435065,0.5077817684282538,False,0,0.014917669292482205,6.411783123355171e-05,-0.02006556971511233,44.0
"wavetrend[n1=10, n2=12, mode=all]",wavetrend,"n1=10, n2=12, mode=all",1h,24,5841,-0.017152560454931395,-1.24324346789919,0.49597671631569934,False,0,-0.003475768517412609,0.015234621431837911,-0.06350161302387725,41.0
"wavetrend[n1=10, n2=12, mode=all]",wavetrend,"n1=10, n2=12, mode=all",1h,48,5825,-0.009678294865925549,-0.8071489950186268,0.48875536480686693,False,0,0.010151023194540811,-0.007011678747090862,-0.032290487103000746,51.0
"wavetrend[n1=10, n2=12, mode=zone]",wavetrend,"n1=10, n2=12, mode=zone",1h,1,1423,-0.011641045770002502,-1.274064887501937,0.5144061841180604,False,0,-0.009732927119200693,0.007531785668457661,-0.031715678611429744,58.0
"wavetrend[n1=10, n2=12, mode=zone]",wavetrend,"n1=10, n2=12, mode=zone",1h,3,1423,-0.052363400376419456,-3.1538478713237836,0.517217146872804,True,0,-0.06612016968302017,-0.07338109493460108,-0.01963471439556439,57.0
"wavetrend[n1=10, n2=12, mode=zone]",wavetrend,"n1=10, n2=12, mode=zone",1h,6,1420,-0.03099534493938887,0.9551478897350547,0.523943661971831,False,0,-0.07335985406206487,-0.06597300484813581,0.041358789916124204,49.0
"wavetrend[n1=10, n2=12, mode=zone]",wavetrend,"n1=10, n2=12, mode=zone",1h,12,1420,-0.05510833362380037,3.330420382783578,0.5373239436619718,False,0,-0.10674796414374223,-0.15659863440083444,0.0893204401065916,57.0
"wavetrend[n1=10, n2=12, mode=zone]",wavetrend,"n1=10, n2=12, mode=zone",1h,24,1417,-0.1470328966114371,-3.3266847040046525,0.5187014820042343,True,0,-0.07584447211615113,-0.1988248599385989,-0.16296462393247432,55.0
"wavetrend[n1=10, n2=12, mode=zone]",wavetrend,"n1=10, n2=12, mode=zone",1h,48,1414,-0.21327423314774213,-7.1914697598691815,0.49787835926449786,True,0,-0.028840453551908635,-0.3637976017073416,-0.2389207476890124,61.0
"wavetrend[n1=10, n2=21, mode=all]",wavetrend,"n1=10, n2=21, mode=all",1h,1,5238,0.011598057447912178,0.2914401913454994,0.48148148148148145,False,0,0.03376035756708749,-0.0033935461592605274,0.004220145031980509,39.0
"wavetrend[n1=10, n2=21, mode=all]",wavetrend,"n1=10, n2=21, mode=all",1h,3,5235,0.011463157128177363,0.7939455638281071,0.49455587392550143,False,0,0.02790887859754035,0.009808213563857289,-0.003161010116174336,40.0
"wavetrend[n1=10, n2=21, mode=all]",wavetrend,"n1=10, n2=21, mode=all",1h,6,5235,0.012507799699255775,1.5214307026047866,0.49493791786055397,False,0,0.016948071564564664,0.03389311685029224,-0.012533984718200903,36.0
"wavetrend[n1=10, n2=21, mode=all]",wavetrend,"n1=10, n2=21, mode=all",1h,12,5235,0.016308573237115317,2.655573000750252,0.5081184336198663,False,0,0.022172421579397052,0.0324928249129074,-0.005112461095249375,39.0
"wavetrend[n1=10, n2=21, mode=all]",wavetrend,"n1=10, n2=21, mode=all",1h,24,5229,-0.008749733842427854,-0.9465135836166538,0.4974182444061962,False,0,0.015538290249800597,0.026987131283048398,-0.06723474475084848,38.0
"wavetrend[n1=10, n2=21, mode=all]",wavetrend,"n1=10, n2=21, mode=all",1h,48,5213,0.0021629687257331835,0.3200915124647093,0.48916171110684825,False,0,0.0229656737278044,0.013309097388976246,-0.029088677442594742,47.0
"wavetrend[n1=10, n2=21, mode=zone]",wavetrend,"n1=10, n2=21, mode=zone",1h,1,784,-0.032859947192120216,-1.9589981503169613,0.4897959183673469,False,0,-0.05115271122968336,0.014313544078483521,-0.05806550068579971,61.0
"wavetrend[n1=10, n2=21, mode=zone]",wavetrend,"n1=10, n2=21, mode=zone",1h,3,784,-0.06799871321818576,-4.941222405887754,0.4885204081632653,False,0,-0.06732002580523952,0.04089018302355862,-0.1672040503355015,58.0
"wavetrend[n1=10, n2=21, mode=zone]",wavetrend,"n1=10, n2=21, mode=zone",1h,6,784,-0.1285457501576147,-5.437710567828292,0.48596938775510207,False,0,-0.19157133080149474,0.024941202494695117,-0.20720291121263762,60.0
"wavetrend[n1=10, n2=21, mode=zone]",wavetrend,"n1=10, n2=21, mode=zone",1h,12,784,-0.2261039098212982,-10.835478362512829,0.514030612244898,True,0,-0.1906965985846553,-0.06311267949036677,-0.4074854450989312,62.0
"wavetrend[n1=10, n2=21, mode=zone]",wavetrend,"n1=10, n2=21, mode=zone",1h,24,784,-0.37997724448803893,-26.648486993162944,0.49362244897959184,True,0,-0.1794395980403718,-0.08215564846731777,-0.8412933728910593,63.0
"wavetrend[n1=10, n2=21, mode=zone]",wavetrend,"n1=10, n2=21, mode=zone",1h,48,784,-0.15861214452834407,4.862922083933222,0.5267857142857143,False,0,0.0025730210685739976,0.18150145166029363,-0.6205781490581787,59.0
"wavetrend[n1=10, n2=34, mode=all]",wavetrend,"n1=10, n2=34, mode=all",1h,1,4910,0.014938933095131966,0.6402364957166791,0.49144602851323826,True,0,0.028474968265731055,0.007738466655950722,0.008628809625683676,37.0
"wavetrend[n1=10, n2=34, mode=all]",wavetrend,"n1=10, n2=34, mode=all",1h,3,4907,0.006822775977849089,0.9478963471585704,0.5003056857550439,False,0,0.017369004991474774,0.003979440580837611,-0.0008133588676391687,42.0
"wavetrend[n1=10, n2=34, mode=all]",wavetrend,"n1=10, n2=34, mode=all",1h,6,4907,0.01050919098448293,1.3835494407477626,0.49887915223150603,False,0,0.01078446422725998,0.02129723640903229,-0.0003681675433780899,37.0
"wavetrend[n1=10, n2=34, mode=all]",wavetrend,"n1=10, n2=34, mode=all",1h,12,4907,0.007276836567079594,2.3523083952187784,0.5045852863256572,False,0,-0.008894289981302943,0.03743596827412833,-0.006375992692176243,41.0
"wavetrend[n1=10, n2=34, mode=all]",wavetrend,"n1=10, n2=34, mode=all",1h,24,4901,-0.025272559510768046,-2.2584822021305557,0.49194042032238317,False,0,-0.015473395187375066,0.003278441134797893,-0.06303096403345837,44.0
"wavetrend[n1=10, n2=34, mode=all]",wavetrend,"n1=10, n2=34, mode=all",1h,48,4885,0.0002240875421588467,0.4478467606447468,0.4904810644831116,False,0,0.001036321430419688,0.0011990345752751603,-0.0015354380061126792,48.0
"wavetrend[n1=10, n2=34, mode=zone]",wavetrend,"n1=10, n2=34, mode=zone",1h,1,346,-0.07483414816774846,-7.507567451447582,0.47109826589595377,True,0,-0.061714192261418235,-0.037121227650009574,-0.12289671866811444,62.0
"wavetrend[n1=10, n2=34, mode=zone]",wavetrend,"n1=10, n2=34, mode=zone",1h,3,346,-0.09918736977014266,-12.578912807538071,0.4913294797687861,True,0,-0.0018750468910063204,-0.030972252289951683,-0.2660470671900654,62.0
"wavetrend[n1=10, n2=34, mode=zone]",wavetrend,"n1=10, n2=34, mode=zone",1h,6,346,-0.18419823716140676,-16.49748612819618,0.5057803468208093,True,0,-0.09311767049465898,-0.20043934114642697,-0.26856958703699396,63.0
"wavetrend[n1=10, n2=34, mode=zone]",wavetrend,"n1=10, n2=34, mode=zone",1h,12,346,-0.26023329556227676,-21.391446554055683,0.5057803468208093,True,0,-0.005075744751869234,-0.23357584723552266,-0.5612869682182574,63.0
"wavetrend[n1=10, n2=34, mode=zone]",wavetrend,"n1=10, n2=34, mode=zone",1h,24,346,-0.3633168247837799,-29.556090210689284,0.5144508670520231,False,0,0.050750048427291555,-0.2729756863553846,-0.8940746215178152,62.0
"wavetrend[n1=10, n2=34, mode=zone]",wavetrend,"n1=10, n2=34, mode=zone",1h,48,346,-0.09153976458022531,11.626059201907863,0.5433526011560693,False,0,0.28426147706199106,-0.18801077810212535,-0.4132464114823086,56.0
"wavetrend[n1=15, n2=12, mode=all]",wavetrend,"n1=15, n2=12, mode=all",1h,1,5130,0.015658866040035878,0.4482565698884425,0.4879142300194932,False,0,0.047419217117255746,-0.0007599728820312772,-0.00018644149883331995,36.0
"wavetrend[n1=15, n2=12, mode=all]",wavetrend,"n1=15, n2=12, mode=all",1h,3,5130,0.013662245459568003,1.0238110298544085,0.49902534113060426,False,0,0.03374684320263045,0.008954386838861869,-0.0020397601448849867,39.0
"wavetrend[n1=15, n2=12, mode=all]",wavetrend,"n1=15, n2=12, mode=all",1h,6,5127,0.02400716492746174,2.644208440623101,0.5012677979325142,False,0,0.035712654405161255,0.04594846174410054,-0.009858359624091909,29.0
"wavetrend[n1=15, n2=12, mode=all]",wavetrend,"n1=15, n2=12, mode=all",1h,12,5127,0.016285525113493602,2.841600624555716,0.5139457772576556,False,0,0.02709517622235058,0.03609658809509015,-0.014536655932234317,40.0
"wavetrend[n1=15, n2=12, mode=all]",wavetrend,"n1=15, n2=12, mode=all",1h,24,5121,-0.004472339230978233,0.07154910357841376,0.4967779730521383,False,0,0.01627647466009645,0.03126596725212412,-0.061343928315771803,36.0
"wavetrend[n1=15, n2=12, mode=all]",wavetrend,"n1=15, n2=12, mode=all",1h,48,5105,-0.00314961140956296,-0.19372018289829115,0.4889324191968658,False,0,0.03197614906617269,-0.00352148370801728,-0.038442938318308625,49.0
"wavetrend[n1=15, n2=12, mode=zone]",wavetrend,"n1=15, n2=12, mode=zone",1h,1,1569,-0.000701671598930157,0.5145480555665198,0.5156150414276609,False,0,0.005857177547678947,0.014197067252945906,-0.021080036536922246,52.0
"wavetrend[n1=15, n2=12, mode=zone]",wavetrend,"n1=15, n2=12, mode=zone",1h,3,1569,-0.009366604398822571,0.7786068226075238,0.5302740599107711,False,0,0.00503513280553933,-0.003398529541212393,-0.028954586793423012,52.0
"wavetrend[n1=15, n2=12, mode=zone]",wavetrend,"n1=15, n2=12, mode=zone",1h,6,1566,0.01743598208493854,7.21151432858998,0.5370370370370371,False,0,-0.044539804525046425,0.06837883452309781,0.02965582832416453,33.0
"wavetrend[n1=15, n2=12, mode=zone]",wavetrend,"n1=15, n2=12, mode=zone",1h,12,1566,-0.040441558404994686,7.20540557402799,0.5472541507024266,False,0,-0.11064625844806876,-0.01362837566935669,0.00245692293004592,54.0
"wavetrend[n1=15, n2=12, mode=zone]",wavetrend,"n1=15, n2=12, mode=zone",1h,24,1563,-0.11743471694176502,2.5841001586114096,0.5201535508637236,True,0,-0.18766695267123454,-0.07180439571506066,-0.09220625773214122,52.0
"wavetrend[n1=15, n2=12, mode=zone]",wavetrend,"n1=15, n2=12, mode=zone",1h,48,1560,-0.1552366729533932,2.227464623305329,0.5102564102564102,True,0,-0.11305134481973338,-0.23487347445015413,-0.12128037197416858,58.0
"wavetrend[n1=15, n2=21, mode=all]",wavetrend,"n1=15, n2=21, mode=all",1h,1,4556,0.02272355009597696,1.2855546315927673,0.4896839332748025,True,0,0.03770316891997379,0.020568995356210564,0.01017447401639513,28.0
"wavetrend[n1=15, n2=21, mode=all]",wavetrend,"n1=15, n2=21, mode=all",1h,3,4553,0.036855576974830405,3.5775887628220158,0.5053810674280694,True,0,0.04855933675179398,0.04413489108017964,0.01838954232034491,27.0
"wavetrend[n1=15, n2=21, mode=all]",wavetrend,"n1=15, n2=21, mode=all",1h,6,4553,0.036898305474882154,4.157388724963201,0.5060399736437514,True,0,0.029898646353112075,0.07384665951699715,0.008028684039867711,28.0
"wavetrend[n1=15, n2=21, mode=all]",wavetrend,"n1=15, n2=21, mode=all",1h,12,4553,0.025488983808615175,4.205228802952353,0.5073577860751153,False,0,0.0036697592119210253,0.07536264903680615,-0.0013967829338157453,36.0
"wavetrend[n1=15, n2=21, mode=all]",wavetrend,"n1=15, n2=21, mode=all",1h,24,4547,-0.015167890559054438,-1.498477493471396,0.49615130855509126,False,0,-0.0013506332672466876,0.027701906148895585,-0.07009012210488443,39.0
"wavetrend[n1=15, n2=21, mode=all]",wavetrend,"n1=15, n2=21, mode=all",1h,48,4531,0.006200826561677111,1.1550655210608662,0.4906201721474288,False,0,0.02014666059347444,0.013113098831398023,-0.014071163973602833,46.0
"wavetrend[n1=15, n2=21, mode=zone]",wavetrend,"n1=15, n2=21, mode=zone",1h,1,1054,-0.01486999134799097,-2.0413286323500515,0.49146110056925996,False,0,0.003429377212359889,0.014741315814919335,-0.05859098093101816,60.0
"wavetrend[n1=15, n2=21, mode=zone]",wavetrend,"n1=15, n2=21, mode=zone",1h,3,1054,0.017779589243951666,1.001626447757249,0.5208728652751423,False,0,0.0545116537908251,0.07749944340304628,-0.07023752717582317,36.0
"wavetrend[n1=15, n2=21, mode=zone]",wavetrend,"n1=15, n2=21, mode=zone",1h,6,1054,-0.025634922139688692,2.3457287864161556,0.5275142314990512,False,0,-0.01016241777336044,0.031814283474776106,-0.0921465947880425,48.0
"wavetrend[n1=15, n2=21, mode=zone]",wavetrend,"n1=15, n2=21, mode=zone",1h,12,1054,-0.042088511012295646,5.1611305199216835,0.5313092979127134,False,0,-0.009756246889752239,0.02609722593840169,-0.1338001802590099,55.0
"wavetrend[n1=15, n2=21, mode=zone]",wavetrend,"n1=15, n2=21, mode=zone",1h,24,1051,-0.11126794493411259,-0.9098259448386351,0.5214081826831589,True,0,-0.09373456568288263,-0.033511281919722,-0.19815197102899587,50.0
"wavetrend[n1=15, n2=21, mode=zone]",wavetrend,"n1=15, n2=21, mode=zone",1h,48,1048,0.08023189008012216,26.905057130435633,0.5429389312977099,False,0,-0.016020129175126116,0.11407161233509917,0.1373521283694669,41.0
"wavetrend[n1=15, n2=34, mode=all]",wavetrend,"n1=15, n2=34, mode=all",1h,1,4266,0.020300844387008434,1.2690452848892275,0.4873417721518987,True,0,0.043428734991058246,0.01575930289685456,0.0016382735977532835,34.0
"wavetrend[n1=15, n2=34, mode=all]",wavetrend,"n1=15, n2=34, mode=all",1h,3,4263,0.023141125923512338,2.749424080113465,0.5019939010086794,True,0,0.03329247223236252,0.02396156537907519,0.012183119408178018,31.0
"wavetrend[n1=15, n2=34, mode=all]",wavetrend,"n1=15, n2=34, mode=all",1h,6,4263,0.013670039838322382,1.853589786575191,0.501759324419423,True,0,0.009340097763641388,0.028545850393430126,0.0033740100236217254,35.0
"wavetrend[n1=15, n2=34, mode=all]",wavetrend,"n1=15, n2=34, mode=all",1h,12,4263,0.016501238580008983,3.7836063441560808,0.5043396669012432,False,0,-0.004839463881471798,0.041004586940723446,0.013750125473397502,38.0
"wavetrend[n1=15, n2=34, mode=all]",wavetrend,"n1=15, n2=34, mode=all",1h,24,4257,-0.024945732477378465,-2.1016964001244633,0.491425886774724,False,0,-0.018288793691349503,0.00675619843594045,-0.06277142324055278,43.0
"wavetrend[n1=15, n2=34, mode=all]",wavetrend,"n1=15, n2=34, mode=all",1h,48,4243,0.007839014723275587,1.1973937411617965,0.4939901013433891,False,0,0.014408905927773132,0.012605534540022572,-0.003410305985083908,45.0
"wavetrend[n1=15, n2=34, mode=zone]",wavetrend,"n1=15, n2=34, mode=zone",1h,1,608,-0.013602160500701878,-1.6957663583678793,0.49835526315789475,False,0,0.03313624360865206,-0.014233664480835715,-0.056512860750492395,59.0
"wavetrend[n1=15, n2=34, mode=zone]",wavetrend,"n1=15, n2=34, mode=zone",1h,3,608,-0.07877739641487985,-7.771539613980681,0.5098684210526315,True,0,-0.019873441789905664,-0.07967014352493144,-0.13277037656722812,59.0
"wavetrend[n1=15, n2=34, mode=zone]",wavetrend,"n1=15, n2=34, mode=zone",1h,6,608,-0.10109683735607845,-5.854127651352063,0.5279605263157895,True,0,-0.1226292838530509,-0.07686276666599294,-0.10282095988534362,59.0
"wavetrend[n1=15, n2=34, mode=zone]",wavetrend,"n1=15, n2=34, mode=zone",1h,12,608,-0.09245383014451818,1.448206561721635,0.5345394736842105,False,0,-0.15903999581753425,0.03791876986810838,-0.14754535883211692,58.0
"wavetrend[n1=15, n2=34, mode=zone]",wavetrend,"n1=15, n2=34, mode=zone",1h,24,608,-0.10685551448523925,2.1998395225673506,0.5296052631578947,False,0,0.05409287511534643,0.008037605856628256,-0.35971156167639085,49.0
"wavetrend[n1=15, n2=34, mode=zone]",wavetrend,"n1=15, n2=34, mode=zone",1h,48,608,0.3107577235175235,53.043704009122806,0.5723684210526315,True,0,0.2511281863032097,0.5246130465148499,0.17425460772393633,27.0
"squeeze[bb_length=14, kc_length=14, kc_mult=1.0]",squeeze,"bb_length=14, kc_length=14, kc_mult=1.0",1h,1,1250,0.05141644406705382,4.815597851837171,0.5072,True,0,0.0428902965644914,0.02306545467427941,0.09146326601285303,19.0
"squeeze[bb_length=14, kc_length=14, kc_mult=1.0]",squeeze,"bb_length=14, kc_length=14, kc_mult=1.0",1h,3,1250,0.10104836924569097,11.569193352728098,0.5104,True,0,0.05814644985159725,0.09330119584352013,0.15378382079438188,19.0
"squeeze[bb_length=14, kc_length=14, kc_mult=1.0]",squeeze,"bb_length=14, kc_length=14, kc_mult=1.0",1h,6,1250,0.10059267855814971,9.165615338169527,0.5024,True,0,0.04367347454667267,0.09805702250022386,0.16201995052357432,20.0
"squeeze[bb_length=14, kc_length=14, kc_mult=1.0]",squeeze,"bb_length=14, kc_length=14, kc_mult=1.0",1h,12,1250,0.0639614196116563,4.885740376735022,0.4968,True,0,0.0008714750289505478,0.12455716217339463,0.062126433386912504,31.0
"squeeze[bb_length=14, kc_length=14, kc_mult=1.0]",squeeze,"bb_length=14, kc_length=14, kc_mult=1.0",1h,24,1247,0.08228373687254897,1.9119051058635952,0.5004009623095429,True,0,0.12228733863053624,0.08126110750550367,0.042201971976463866,28.0
"squeeze[bb_length=14, kc_length=14, kc_mult=1.0]",squeeze,"bb_length=14, kc_length=14, kc_mult=1.0",1h,48,1243,0.1567340684182326,2.3768457376970797,0.5132743362831859,True,0,0.2282625316257878,0.22541460632381596,0.007450218062242487,34.0
"squeeze[bb_length=14, kc_length=14, kc_mult=1.5]",squeeze,"bb_length=14, kc_length=14, kc_mult=1.5",1h,1,1747,0.014442029696181182,0.6835136897973705,0.47510017172295366,True,0,0.019798232520682323,0.00027152829054329954,0.02206591020444745,38.0
"squeeze[bb_length=14, kc_length=14, kc_mult=1.5]",squeeze,"bb_length=14, kc_length=14, kc_mult=1.5",1h,3,1747,0.006569060980376603,-0.8031724747998409,0.4745277618775043,False,0,0.04337947128778419,-0.038009738753185904,0.010725377286871614,43.0
"squeeze[bb_length=14, kc_length=14, kc_mult=1.5]",squeeze,"bb_length=14, kc_length=14, kc_mult=1.5",1h,6,1747,0.016345139260844133,1.768004269728132,0.48082427017744706,False,0,0.012769995264874028,-0.024912596749239107,0.057584503711975314,34.0
"squeeze[bb_length=14, kc_length=14, kc_mult=1.5]",squeeze,"bb_length=14, kc_length=14, kc_mult=1.5",1h,12,1744,-0.049783482749161334,-6.31958924388219,0.4764908256880734,False,0,-0.05367660816592759,-0.1524387695961051,0.04784218381836844,56.0
"squeeze[bb_length=14, kc_length=14, kc_mult=1.5]",squeeze,"bb_length=14, kc_length=14, kc_mult=1.5",1h,24,1744,-0.03678692387224069,-9.62122552008194,0.4919724770642202,False,0,-0.01868815211541523,-0.21337557575519217,0.10651926490240837,46.0
"squeeze[bb_length=14, kc_length=14, kc_mult=1.5]",squeeze,"bb_length=14, kc_length=14, kc_mult=1.5",1h,48,1741,0.15517933344064008,12.191467894662564,0.5100516944284894,False,0,0.09271498756840274,-0.09809381959859424,0.44851272326775593,36.0
"squeeze[bb_length=14, kc_length=14, kc_mult=2.0]",squeeze,"bb_length=14, kc_length=14, kc_mult=2.0",1h,1,1257,0.007344913776640011,-0.581730308767831,0.4614160700079554,False,0,0.07182135834229886,0.003249376440773639,-0.05305988064639641,43.0
"squeeze[bb_length=14, kc_length=14, kc_mult=2.0]",squeeze,"bb_length=14, kc_length=14, kc_mult=2.0",1h,3,1257,0.015527419590689786,0.41662362776972445,0.4638027048528242,False,0,0.04441451268721037,0.01542613002053185,-0.013132327460481012,38.0
"squeeze[bb_length=14, kc_length=14, kc_mult=2.0]",squeeze,"bb_length=14, kc_length=14, kc_mult=2.0",1h,6,1257,0.02010586879099011,1.1951689546122422,0.4781225139220366,False,0,-0.0033855745069686066,0.04866584904880867,0.01718131429556158,31.0
"squeeze[bb_length=14, kc_length=14, kc_mult=2.0]",squeeze,"bb_length=14, kc_length=14, kc_mult=2.0",1h,12,1255,0.06778377750292852,-0.17499693657103405,0.48127490039840637,False,0,0.0934811453440222,0.16075968985650213,-0.043478157603686285,29.0
"squeeze[bb_length=14, kc_length=14, kc_mult=2.0]",squeeze,"bb_length=14, kc_length=14, kc_mult=2.0",1h,24,1255,-0.07134251898539742,-16.761580236143622,0.47410358565737054,True,0,-0.10468812608515146,-0.09701441574099916,-0.014432433959786311,47.0
"squeeze[bb_length=14, kc_length=14, kc_mult=2.0]",squeeze,"bb_length=14, kc_length=14, kc_mult=2.0",1h,48,1253,0.15239869676076126,0.9554584502466517,0.5011971268954509,True,0,0.09696654978013405,0.23892615903037567,0.12783012764407387,37.0
"squeeze[bb_length=14, kc_length=20, kc_mult=1.0]",squeeze,"bb_length=14, kc_length=20, kc_mult=1.0",1h,1,152,0.0851110805912609,5.967530228778761,0.5197368421052632,True,11389,0.17577096183019736,0.025894740208295394,0.0736191626956456,16.0
"squeeze[bb_length=14, kc_length=20, kc_mult=1.0]",squeeze,"bb_length=14, kc_length=20, kc_mult=1.0",1h,3,152,0.14322642353569967,12.135733755576792,0.5,False,11389,0.35156731885499165,0.1452886737672704,-0.0988225056064284,13.0
"squeeze[bb_length=14, kc_length=20, kc_mult=1.0]",squeeze,"bb_length=14, kc_length=20, kc_mult=1.0",1h,6,152,0.12560279315689507,13.477699048425853,0.5263157894736842,False,11389,0.15270227908383574,0.3009399983374027,-0.17915957196795118,16.0
"squeeze[bb_length=14, kc_length=20, kc_mult=1.0]",squeeze,"bb_length=14, kc_length=20, kc_mult=1.0",1h,12,152,-0.028610434846150633,-5.942993367268149,0.48026315789473684,False,11389,0.12755899258484305,0.10243831330714508,-0.41219782438438557,53.0
"squeeze[bb_length=14, kc_length=20, kc_mult=1.0]",squeeze,"bb_length=14, kc_length=20, kc_mult=1.0",1h,24,152,0.15989891189590622,10.2154507683796,0.4605263157894737,True,11389,0.04934855771939191,0.17838547332316645,0.25777029518740624,22.0
"squeeze[bb_length=14, kc_length=20, kc_mult=1.0]",squeeze,"bb_length=14, kc_length=20, kc_mult=1.0",1h,48,151,0.2921352024751952,31.679622153685738,0.4768211920529801,True,11389,0.0173715254429354,0.12093467787474255,0.8676464882779493,28.0
"squeeze[bb_length=14, kc_length=20, kc_mult=1.5]",squeeze,"bb_length=14, kc_length=20, kc_mult=1.5",1h,1,329,0.044016242458234586,2.776036336998044,0.47720364741641336,False,12921,0.08205018862609749,-0.009171527978222613,0.06438346408148013,21.0
"squeeze[bb_length=14, kc_length=20, kc_mult=1.5]",squeeze,"bb_length=14, kc_length=20, kc_mult=1.5",1h,3,329,0.025384841496399507,-1.7543519033155397,0.45592705167173253,False,12921,0.25623487711841025,-0.0340775327833363,-0.1649044900657861,29.0
"squeeze[bb_length=14, kc_length=20, kc_mult=1.5]",squeeze,"bb_length=14, kc_length=20, kc_mult=1.5",1h,6,329,0.001727968167842492,-0.8007547907611385,0.47112462006079026,False,12921,0.29104690334101607,-0.14389143421866282,-0.15201578191082238,41.0
"squeeze[bb_length=14, kc_length=20, kc_mult=1.5]",squeeze,"bb_length=14, kc_length=20, kc_mult=1.5",1h,12,326,-0.007040754443099302,-0.8468664211049005,0.48466257668711654,False,12921,0.14208014626601345,-0.028414554704048682,-0.1504252988122874,46.0
"squeeze[bb_length=14, kc_length=20, kc_mult=1.5]",squeeze,"bb_length=14, kc_length=20, kc_mult=1.5",1h,24,326,0.06117464661529442,-0.7758449912027413,0.5153374233128835,False,12921,0.19785006552894832,0.23991388374357478,-0.30702394770536273,31.0
"squeeze[bb_length=14, kc_length=20, kc_mult=1.5]",squeeze,"bb_length=14, kc_length=20, kc_mult=1.5",1h,48,326,0.4306924649333275,32.815748684500825,0.5214723926380368,True,12921,0.2802896651987631,0.7911324155291293,0.17072549096218315,15.0
"squeeze[bb_length=14, kc_length=20, kc_mult=2.0]",squeeze,"bb_length=14, kc_length=20, kc_mult=2.0",1h,1,243,0.11369624794032236,9.849199360546562,0.5061728395061729,True,9743,0.13965990373676507,0.13500851400236932,0.07051618328033817,8.0
"squeeze[bb_length=14, kc_length=20, kc_mult=2.0]",squeeze,"bb_length=14, kc_length=20, kc_mult=2.0",1h,3,243,0.12115266409708815,7.679320022008678,0.5102880658436214,False,9743,0.27781266042764263,-0.002779104849180737,0.08964729511679942,15.0
"squeeze[bb_length=14, kc_length=20, kc_mult=2.0]",squeeze,"bb_length=14, kc_length=20, kc_mult=2.0",1h,6,243,0.10667196480528285,11.16244409031982,0.49794238683127573,False,9743,0.19539829284464644,-0.009532645813124713,0.1305624265858185,18.0
"squeeze[bb_length=14, kc_length=20, kc_mult=2.0]",squeeze,"bb_length=14, kc_length=20, kc_mult=2.0",1h,12,242,0.09271835319441707,5.884641395458132,0.48760330578512395,True,9743,0.2574326081129884,0.021979831527299785,0.004746725633962305,23.0
"squeeze[bb_length=14, kc_length=20, kc_mult=2.0]",squeeze,"bb_length=14, kc_length=20, kc_mult=2.0",1h,24,242,-0.1982803868836324,-26.969663311446272,0.49173553719008267,True,9743,-0.03138314381930086,-0.22104123745731957,-0.3312140695337285,58.0
"squeeze[bb_length=14, kc_length=20, kc_mult=2.0]",squeeze,"bb_length=14, kc_length=20, kc_mult=2.0",1h,48,242,0.11713036884540692,-14.485292302292818,0.512396694214876,False,9743,0.44286118526340185,-0.07662638656684623,-0.008607588483408205,39.0
"squeeze[bb_length=14, kc_length=30, kc_mult=1.0]",squeeze,"bb_length=14, kc_length=30, kc_mult=1.0",1h,1,72,0.2038416621960285,17.189000428946834,0.5138888888888888,True,19934,0.09432930654739845,0.46377982248554617,0.01611004256146745,3.0
"squeeze[bb_length=14, kc_length=30, kc_mult=1.0]",squeeze,"bb_length=14, kc_length=30, kc_mult=1.0",1h,3,72,0.23162188309951195,15.114995068002214,0.4722222222222222,False,19934,0.3017776127176383,0.6026128887413574,-0.28335555587880684,8.0
"squeeze[bb_length=14, kc_length=30, kc_mult=1.0]",squeeze,"bb_length=14, kc_length=30, kc_mult=1.0",1h,6,72,0.22677170961601695,17.670792143128534,0.4861111111111111,False,19934,0.1217469361382002,0.8824832460534145,-0.43358762601601647,9.0
"squeeze[bb_length=14, kc_length=30, kc_mult=1.0]",squeeze,"bb_length=14, kc_length=30, kc_mult=1.0",1h,12,72,0.38961925107633305,29.924162899509675,0.5,False,19934,0.3661669664202942,1.4913870114248442,-0.8868856097107742,8.0
"squeeze[bb_length=14, kc_length=30, kc_mult=1.0]",squeeze,"bb_length=14, kc_length=30, kc_mult=1.0",1h,24,72,0.3458916033482866,23.10140404618157,0.5138888888888888,False,19934,-0.15305551826993927,1.4347335134829444,-0.3966156123182445,11.0
"squeeze[bb_length=14, kc_length=30, kc_mult=1.0]",squeeze,"bb_length=14, kc_length=30, kc_mult=1.0",1h,48,72,0.05535462338684757,-5.344925024303641,0.5277777777777778,False,19934,-0.6964886080826078,1.1914047669182548,-0.46705747554722793,44.0
"squeeze[bb_length=14, kc_length=30, kc_mult=1.5]",squeeze,"bb_length=14, kc_length=30, kc_mult=1.5",1h,1,136,-0.010929404442225548,-0.28342873940693436,0.5,False,21765,0.021550506536645274,-0.04048711455064219,-0.019576981490115695,57.0
"squeeze[bb_length=14, kc_length=30, kc_mult=1.5]",squeeze,"bb_length=14, kc_length=30, kc_mult=1.5",1h,3,136,-0.12471271182357523,-10.424408372096234,0.4852941176470588,True,21765,-0.02189513123224994,-0.25918395334134686,-0.09599020263749522,63.0
"squeeze[bb_length=14, kc_length=30, kc_mult=1.5]",squeeze,"bb_length=14, kc_length=30, kc_mult=1.5",1h,6,136,-0.30562378284064284,-19.478905204464613,0.4852941176470588,False,21765,-0.41650604894216103,-0.44416285477769185,0.05228009019818046,64.0
"squeeze[bb_length=14, kc_length=30, kc_mult=1.5]",squeeze,"bb_length=14, kc_length=30, kc_mult=1.5",1h,12,136,-0.26723440739980137,-21.054973083639876,0.49264705882352944,True,21765,-0.3853795031369955,-0.2783194027356419,-0.07312669739432605,64.0
"squeeze[bb_length=14, kc_length=30, kc_mult=1.5]",squeeze,"bb_length=14, kc_length=30, kc_mult=1.5",1h,24,136,-0.35095034325351,-30.328419746025308,0.4485294117647059,True,21765,-0.5554030861196823,-0.32372447739971005,-0.07868880579851797,61.0
"squeeze[bb_length=14, kc_length=30, kc_mult=1.5]",squeeze,"bb_length=14, kc_length=30, kc_mult=1.5",1h,48,136,-0.10153466577424751,-5.636129143192002,0.5,False,21765,-0.302301183736025,-0.3837659013000083,0.5895431844317738,57.0
"squeeze[bb_length=14, kc_length=30, kc_mult=2.0]",squeeze,"bb_length=14, kc_length=30, kc_mult=2.0",1h,1,121,0.22318779922340126,19.494747155296384,0.5454545454545454,True,18003,0.40925351730002424,0.02000764870549096,0.23119923156951008,2.0
"squeeze[bb_length=14, kc_length=30, kc_mult=2.0]",squeeze,"bb_length=14, kc_length=30, kc_mult=2.0",1h,3,121,0.24527220682573764,20.354030077414944,0.5619834710743802,True,18003,0.5891722738948888,0.02830125991165029,0.09745259297084424,6.0
"squeeze[bb_length=14, kc_length=30, kc_mult=2.0]",squeeze,"bb_length=14, kc_length=30, kc_mult=2.0",1h,6,121,0.3558637985866567,35.9715767795091,0.512396694214876,True,18003,0.5731840054489572,0.17231663372403372,0.31008015515815135,6.0
"squeeze[bb_length=14, kc_length=30, kc_mult=2.0]",squeeze,"bb_length=14, kc_length=30, kc_mult=2.0",1h,12,119,0.42019041536608864,39.16571444609918,0.5294117647058824,True,18003,0.6941329290303936,0.32353107502472667,0.21661485482430726,6.0
"squeeze[bb_length=14, kc_length=30, kc_mult=2.0]",squeeze,"bb_length=14, kc_length=30, kc_mult=2.0",1h,24,119,0.2964446402032956,9.022477796721532,0.5294117647058824,False,18003,0.728621042800224,-0.1341711497233471,0.26072376909982364,14.0
"squeeze[bb_length=14, kc_length=30, kc_mult=2.0]",squeeze,"bb_length=14, kc_length=30, kc_mult=2.0",1h,48,119,0.6502930999064884,34.06473734588118,0.5462184873949579,False,18003,1.3013643346313155,-0.6033370499803767,1.2173084679892514,7.0
"squeeze[bb_length=20, kc_length=14, kc_mult=1.0]",squeeze,"bb_length=20, kc_length=14, kc_mult=1.0",1h,1,76,0.11641207050139835,14.062032846054418,0.5657894736842105,True,2647,0.12305082924103732,0.06483581976511704,0.2406214023735085,7.0
"squeeze[bb_length=20, kc_length=14, kc_mult=1.0]",squeeze,"bb_length=20, kc_length=14, kc_mult=1.0",1h,3,76,0.10598275777306011,12.257158658465565,0.5394736842105263,False,2647,0.06689336832639355,-0.020667412308536273,0.46312320157631365,18.0
"squeeze[bb_length=20, kc_length=14, kc_mult=1.0]",squeeze,"bb_length=20, kc_length=14, kc_mult=1.0",1h,6,76,0.171181596420828,15.367200129943692,0.5789473684210527,True,2647,0.28257522565538096,0.039289161806847314,0.3999508094001411,14.0
"squeeze[bb_length=20, kc_length=14, kc_mult=1.0]",squeeze,"bb_length=20, kc_length=14, kc_mult=1.0",1h,12,76,0.10706224831963096,-4.870680454073341,0.4868421052631579,False,2647,0.7071618061420096,-0.19064312909267697,0.2952821485297004,20.0
"squeeze[bb_length=20, kc_length=14, kc_mult=1.0]",squeeze,"bb_length=20, kc_length=14, kc_mult=1.0",1h,24,76,0.49071715871159943,4.954752889026553,0.4868421052631579,False,2647,2.3868776734367683,-0.041086652781461966,0.05124631509977268,6.0
"squeeze[bb_length=20, kc_length=14, kc_mult=1.0]",squeeze,"bb_length=20, kc_length=14, kc_mult=1.0",1h,48,76,0.7772364967411514,55.151254521190154,0.5394736842105263,True,2647,1.8782349510205996,0.1859847328995287,1.2365218247834227,6.0
"squeeze[bb_length=20, kc_length=14, kc_mult=1.5]",squeeze,"bb_length=20, kc_length=14, kc_mult=1.5",1h,1,203,0.14825232365233137,7.477387946086822,0.5123152709359606,True,9627,0.24000064210873984,0.1690718582173658,0.048309651247108204,6.0
"squeeze[bb_length=20, kc_length=14, kc_mult=1.5]",squeeze,"bb_length=20, kc_length=14, kc_mult=1.5",1h,3,203,0.10847309191522254,6.033262057711266,0.5024630541871922,False,9627,0.26184701499799373,-0.09514327279620834,0.16657525366748235,17.0
"squeeze[bb_length=20, kc_length=14, kc_mult=1.5]",squeeze,"bb_length=20, kc_length=14, kc_mult=1.5",1h,6,203,0.17603538709833372,14.46121805846275,0.5517241379310345,False,9627,0.21513517035641994,-0.006262281803963345,0.31399309737745557,13.0
"squeeze[bb_length=20, kc_length=14, kc_mult=1.5]",squeeze,"bb_length=20, kc_length=14, kc_mult=1.5",1h,12,200,0.1493039970723942,16.560891379838466,0.51,False,9627,0.17346895662682787,-0.0787042695461049,0.3433649318761202,16.0
"squeeze[bb_length=20, kc_length=14, kc_mult=1.5]",squeeze,"bb_length=20, kc_length=14, kc_mult=1.5",1h,24,200,-0.008149536089691267,-10.124800515343097,0.465,False,9627,0.2361798810988532,-0.2351098403227254,-0.00733381048513455,37.0
"squeeze[bb_length=20, kc_length=14, kc_mult=1.5]",squeeze,"bb_length=20, kc_length=14, kc_mult=1.5",1h,48,200,0.37631116634488215,25.58784221426252,0.525,False,9627,0.4982388188276278,-0.1997984070122686,0.8134918277674015,23.0
"squeeze[bb_length=20, kc_length=14, kc_mult=2.0]",squeeze,"bb_length=20, kc_length=14, kc_mult=2.0",1h,1,138,0.047553695169049386,3.087674615049105,0.4492753623188406,False,11663,0.1769689205336724,-0.008757056498485974,-0.032103243588765984,20.0
"squeeze[bb_length=20, kc_length=14, kc_mult=2.0]",squeeze,"bb_length=20, kc_length=14, kc_mult=2.0",1h,3,138,-0.08884489708576909,-4.118622602181247,0.4420289855072464,True,11663,-0.06417326398360966,-0.14962298025429596,-0.06215789665707622,61.0
"squeeze[bb_length=20, kc_length=14, kc_mult=2.0]",squeeze,"bb_length=20, kc_length=14, kc_mult=2.0",1h,6,138,-0.056267177282327885,-4.267903707934488,0.47101449275362317,False,11663,0.06419591841512422,0.11785702586822795,-0.319967604275195,52.0
"squeeze[bb_length=20, kc_length=14, kc_mult=2.0]",squeeze,"bb_length=20, kc_length=14, kc_mult=2.0",1h,12,137,0.18755155543412663,9.724335368727443,0.5401459854014599,False,11663,0.6294980661275056,-0.16926558529612207,0.04590365984081559,14.0
"squeeze[bb_length=20, kc_length=14, kc_mult=2.0]",squeeze,"bb_length=20, kc_length=14, kc_mult=2.0",1h,24,137,-0.1436946399633385,-23.324366766011856,0.46715328467153283,False,11663,0.3796852391966765,-0.49410609109787884,-0.3703431329082181,54.0
"squeeze[bb_length=20, kc_length=14, kc_mult=2.0]",squeeze,"bb_length=20, kc_length=14, kc_mult=2.0",1h,48,137,0.3801752369692305,-9.330993686089226,0.5255474452554745,False,11663,1.7535990448318461,-1.2760498669665132,0.3868009794187041,21.0
"squeeze[bb_length=20, kc_length=20, kc_mult=1.0]",squeeze,"bb_length=20, kc_length=20, kc_mult=1.0",1h,1,428,0.0874009383167999,8.23343637583551,0.514018691588785,True,0,0.08533831167392772,0.08051793494166125,0.09968359423163245,15.0
"squeeze[bb_length=20, kc_length=20, kc_mult=1.0]",squeeze,"bb_length=20, kc_length=20, kc_mult=1.0",1h,3,428,0.11622019422892674,11.94921072956379,0.514018691588785,True,0,0.05968289483597995,0.13598908212149852,0.1533770638641947,16.0
"squeeze[bb_length=20, kc_length=20, kc_mult=1.0]",squeeze,"bb_length=20, kc_length=20, kc_mult=1.0",1h,6,428,0.17834342038498932,21.775934379540523,0.5373831775700935,True,0,0.1252589545709933,0.19292076008974363,0.21895628755153101,12.0
"squeeze[bb_length=20, kc_length=20, kc_mult=1.0]",squeeze,"bb_length=20, kc_length=20, kc_mult=1.0",1h,12,428,0.0839063399692699,13.408437946695143,0.4953271028037383,True,0,0.020014358802349867,0.14511834952840824,0.07003944725012959,25.0
"squeeze[bb_length=20, kc_length=20, kc_mult=1.0]",squeeze,"bb_length=20, kc_length=20, kc_mult=1.0",1h,24,427,0.266419791420761,20.241201065130024,0.5152224824355972,True,0,0.27287944390832414,0.3187929798325103,0.1837240972257588,17.0
"squeeze[bb_length=20, kc_length=20, kc_mult=1.0]",squeeze,"bb_length=20, kc_length=20, kc_mult=1.0",1h,48,425,0.46596716774013586,43.02892621402537,0.5364705882352941,True,0,0.40118661198835914,0.50290136894897,0.4872389440152601,14.0
"squeeze[bb_length=20, kc_length=20, kc_mult=1.5]",squeeze,"bb_length=20, kc_length=20, kc_mult=1.5",1h,1,1176,0.03163494854986385,2.4145885553043707,0.4736394557823129,False,0,0.08825734428296296,-0.014679832225023792,0.019749967508908676,24.0
"squeeze[bb_length=20, kc_length=20, kc_mult=1.5]",squeeze,"bb_length=20, kc_length=20, kc_mult=1.5",1h,3,1176,0.04945227038027832,5.124861038900215,0.5017006802721088,True,0,0.08375500970348256,0.025514683226343385,0.03829717872403278,23.0
"squeeze[bb_length=20, kc_length=20, kc_mult=1.5]",squeeze,"bb_length=20, kc_length=20, kc_mult=1.5",1h,6,1176,0.04197209445938674,5.393383983334677,0.4846938775510204,True,0,0.012129850032023362,0.03700774477914383,0.07642915569327789,27.0
"squeeze[bb_length=20, kc_length=20, kc_mult=1.5]",squeeze,"bb_length=20, kc_length=20, kc_mult=1.5",1h,12,1173,0.02098307610965797,3.027714933416632,0.473998294970162,True,0,0.0028600529362042167,0.03068615872102003,0.029702773033046567,37.0
"squeeze[bb_length=20, kc_length=20, kc_mult=1.5]",squeeze,"bb_length=20, kc_length=20, kc_mult=1.5",1h,24,1172,0.10229996848995375,6.864815183906204,0.48464163822525597,False,0,-0.0036526789196633007,0.07206855379936433,0.23707134405539143,26.0
"squeeze[bb_length=20, kc_length=20, kc_mult=1.5]",squeeze,"bb_length=20, kc_length=20, kc_mult=1.5",1h,48,1169,0.38177748855147603,33.39945243061512,0.5175363558597091,True,0,0.331021006984547,0.13721783844430238,0.667678047483365,20.0
"squeeze[bb_length=20, kc_length=20, kc_mult=2.0]",squeeze,"bb_length=20, kc_length=20, kc_mult=2.0",1h,1,1143,0.0066215553644635395,0.9299953201280287,0.46019247594050744,False,0,0.016612671987027396,0.0231806024724059,-0.01814641256567618,44.0
"squeeze[bb_length=20, kc_length=20, kc_mult=2.0]",squeeze,"bb_length=20, kc_length=20, kc_mult=2.0",1h,3,1143,0.04856184552115621,5.415438602783175,0.4794400699912511,True,0,0.024665005695283217,0.06278290541940337,0.05927611104745978,24.0
"squeeze[bb_length=20, kc_length=20, kc_mult=2.0]",squeeze,"bb_length=20, kc_length=20, kc_mult=2.0",1h,6,1143,0.044668397161482944,4.102246073597959,0.4768153980752406,False,0,0.09286049025471167,-0.03447714651050589,0.0685573940921415,25.0
"squeeze[bb_length=20, kc_length=20, kc_mult=2.0]",squeeze,"bb_length=20, kc_length=20, kc_mult=2.0",1h,12,1141,0.037588418055114106,-0.32853756099670095,0.4636283961437336,False,0,0.04812147003429185,-0.02603761347476635,0.08453266350513469,35.0
"squeeze[bb_length=20, kc_length=20, kc_mult=2.0]",squeeze,"bb_length=20, kc_length=20, kc_mult=2.0",1h,24,1141,-0.11626759756074316,-20.16677028104237,0.4680105170902717,False,0,-0.10972575503413654,-0.2599779737047749,0.0067946184440636475,51.0
"squeeze[bb_length=20, kc_length=20, kc_mult=2.0]",squeeze,"bb_length=20, kc_length=20, kc_mult=2.0",1h,48,1140,0.10218259062922334,-3.4691824845283135,0.5,False,0,0.24529580264691425,-0.22532340577898144,0.2564132115062843,40.0
"squeeze[bb_length=20, kc_length=30, kc_mult=1.0]",squeeze,"bb_length=20, kc_length=30, kc_mult=1.0",1h,1,36,0.3311912929684311,31.71140914345989,0.5277777777777778,False,9983,0.19520144610111584,0.5256561247167312,-0.0903750680803771,1.0
"squeeze[bb_length=20, kc_length=30, kc_mult=1.0]",squeeze,"bb_length=20, kc_length=30, kc_mult=1.0",1h,3,36,0.47147977419865505,43.60710778051194,0.6388888888888888,False,9983,0.3453044171894558,0.6798625067243446,-0.012837072538310207,2.0
"squeeze[bb_length=20, kc_length=30, kc_mult=1.0]",squeeze,"bb_length=20, kc_length=30, kc_mult=1.0",1h,6,36,0.6322287756801083,50.665634673940254,0.5833333333333334,False,9983,1.1573855424860242,0.7854944427213303,-0.7539180591338255,2.0
"squeeze[bb_length=20, kc_length=30, kc_mult=1.0]",squeeze,"bb_length=20, kc_length=30, kc_mult=1.0",1h,12,36,0.7773176682902864,53.063437526098,0.5555555555555556,False,9983,1.8326616579921748,0.9471706153259735,-1.5477654713318172,2.0
"squeeze[bb_length=20, kc_length=30, kc_mult=1.0]",squeeze,"bb_length=20, kc_length=30, kc_mult=1.0",1h,24,36,1.0132483155473284,68.20260871094794,0.5,False,9983,2.038225693431917,1.2069922994827103,-1.3408605940449243,2.0
"squeeze[bb_length=20, kc_length=30, kc_mult=1.0]",squeeze,"bb_length=20, kc_length=30, kc_mult=1.0",1h,48,36,1.2135499370710976,76.95801261998183,0.5833333333333334,True,9983,2.1159738531448995,1.0993688447477368,0.09011371802596264,2.0
"squeeze[bb_length=20, kc_length=30, kc_mult=1.5]",squeeze,"bb_length=20, kc_length=30, kc_mult=1.5",1h,1,120,0.10242275009103036,5.714489922155736,0.5,False,14553,0.24076028576963035,0.17433147976009689,-0.15962259831963607,11.0
"squeeze[bb_length=20, kc_length=30, kc_mult=1.5]",squeeze,"bb_length=20, kc_length=30, kc_mult=1.5",1h,3,120,0.1618845811418596,12.115920583477244,0.5083333333333333,False,14553,0.3781475842608325,0.2544320168797735,-0.21706655021925061,10.0
"squeeze[bb_length=20, kc_length=30, kc_mult=1.5]",squeeze,"bb_length=20, kc_length=30, kc_mult=1.5",1h,6,120,0.279533859969469,28.800166821259516,0.5833333333333334,False,14553,0.28303315580026944,0.49746371844224,-0.06108424403114118,7.0
"squeeze[bb_length=20, kc_length=30, kc_mult=1.5]",squeeze,"bb_length=20, kc_length=30, kc_mult=1.5",1h,12,120,0.5206538080149031,50.91908884827239,0.5583333333333333,True,14553,0.6122321437773919,0.6102943002016596,0.2822148628944734,4.0
"squeeze[bb_length=20, kc_length=30, kc_mult=1.5]",squeeze,"bb_length=20, kc_length=30, kc_mult=1.5",1h,24,120,0.28711716058762493,25.286944823200084,0.5666666666666667,True,14553,0.31049573019761917,0.38349017706373356,0.11267315009546341,15.0
"squeeze[bb_length=20, kc_length=30, kc_mult=1.5]",squeeze,"bb_length=20, kc_length=30, kc_mult=1.5",1h,48,120,0.7872500542321423,67.86292803711906,0.6416666666666667,True,14553,1.2008211710067134,0.4633709108180527,0.8366220575725666,5.0
"squeeze[bb_length=20, kc_length=30, kc_mult=2.0]",squeeze,"bb_length=20, kc_length=30, kc_mult=2.0",1h,1,147,0.14872019351088916,12.744560578222485,0.5034013605442177,True,13325,0.2862980687117595,0.1102502838148559,0.07152758362695091,5.0
"squeeze[bb_length=20, kc_length=30, kc_mult=2.0]",squeeze,"bb_length=20, kc_length=30, kc_mult=2.0",1h,3,147,0.34571505564933863,32.05583702696281,0.5374149659863946,True,13325,0.2161704836293272,0.4054034509731863,0.3971082000569677,3.0
"squeeze[bb_length=20, kc_length=30, kc_mult=2.0]",squeeze,"bb_length=20, kc_length=30, kc_mult=2.0",1h,6,147,0.4851506078756032,50.80566479089293,0.54421768707483,True,13325,0.2826961384677775,0.5280643849125196,0.6111732297114444,3.0
"squeeze[bb_length=20, kc_length=30, kc_mult=2.0]",squeeze,"bb_length=20, kc_length=30, kc_mult=2.0",1h,12,146,0.578276541968806,57.858386360936215,0.5821917808219178,True,13325,0.32034111605657223,0.7363916639913692,0.6462297072713095,3.0
"squeeze[bb_length=20, kc_length=30, kc_mult=2.0]",squeeze,"bb_length=20, kc_length=30, kc_mult=2.0",1h,24,146,0.7083667815576816,60.740719280398146,0.589041095890411,True,13325,0.625029943080182,0.5596042053252525,0.9150872934142666,3.0
"squeeze[bb_length=20, kc_length=30, kc_mult=2.0]",squeeze,"bb_length=20, kc_length=30, kc_mult=2.0",1h,48,146,0.7905209636909998,38.58529807158649,0.5958904109589042,False,13325,2.0783668315690926,-0.18605982631154627,0.6242424830021072,4.0
"squeeze[bb_length=30, kc_length=14, kc_mult=1.0]",squeeze,"bb_length=30, kc_length=14, kc_mult=1.0",1h,1,5,-0.10681879599673097,-6.940056877389187,0.4,False,2201,,0.12995180729334155,-0.4619747009318398,63.0
"squeeze[bb_length=30, kc_length=14, kc_mult=1.0]",squeeze,"bb_length=30, kc_length=14, kc_mult=1.0",1h,3,5,0.24063417351192928,24.300087951526713,0.8,False,2201,,0.9635036804202155,-0.8436700868505,7.0
"squeeze[bb_length=30, kc_length=14, kc_mult=1.0]",squeeze,"bb_length=30, kc_length=14, kc_mult=1.0",1h,6,5,0.43983141308050444,42.30852022639176,0.8,False,2201,,1.1614165255416702,-0.6425462556112442,4.0
"squeeze[bb_length=30, kc_length=14, kc_mult=1.0]",squeeze,"bb_length=30, kc_length=14, kc_mult=1.0",1h,12,5,0.1894343200683975,19.232867103771362,0.6,False,2201,,1.2602346168723646,-1.4167661251375532,13.0
"squeeze[bb_length=30, kc_length=14, kc_mult=1.0]",squeeze,"bb_length=30, kc_length=14, kc_mult=1.0",1h,24,5,-1.2839266987028732,-100.8153576819788,0.2,False,2201,,-0.2869731160152409,-2.7793570727343218,65.0
"squeeze[bb_length=30, kc_length=14, kc_mult=1.0]",squeeze,"bb_length=30, kc_length=14, kc_mult=1.0",1h,48,5,-0.6860222338657864,-66.37170871196973,0.2,False,2201,,-0.05932418826520195,-1.626069302266663,65.0
"squeeze[bb_length=30, kc_length=14, kc_mult=1.5]",squeeze,"bb_length=30, kc_length=14, kc_mult=1.5",1h,1,35,-0.17538308553297793,-21.422584146073085,0.42857142857142855,False,12005,0.08077365247147632,-0.39822015536539224,-0.32995456352300656,64.0
"squeeze[bb_length=30, kc_length=14, kc_mult=1.5]",squeeze,"bb_length=30, kc_length=14, kc_mult=1.5",1h,3,35,-0.30672075291084494,-29.976597151000423,0.42857142857142855,True,12005,-0.06695577691783947,-0.7610868941232141,-0.15099265141740292,65.0
"squeeze[bb_length=30, kc_length=14, kc_mult=1.5]",squeeze,"bb_length=30, kc_length=14, kc_mult=1.5",1h,6,35,-0.37063807493924444,-33.853761354561534,0.4,True,12005,-0.4442768761491876,-0.14623369966548544,-0.5221787538128225,65.0
"squeeze[bb_length=30, kc_length=14, kc_mult=1.5]",squeeze,"bb_length=30, kc_length=14, kc_mult=1.5",1h,12,35,0.41428513668145384,31.9824488195413,0.5714285714285714,True,12005,0.6230376883735642,0.461840535315403,0.008240952197554484,7.0
"squeeze[bb_length=30, kc_length=14, kc_mult=1.5]",squeeze,"bb_length=30, kc_length=14, kc_mult=1.5",1h,24,35,-0.1481182933811685,-9.674174903154396,0.42857142857142855,False,12005,-0.13986050704432929,0.05968925272729104,-0.41586827140846233,56.0
"squeeze[bb_length=30, kc_length=14, kc_mult=1.5]",squeeze,"bb_length=30, kc_length=14, kc_mult=1.5",1h,48,34,0.2733456643475736,11.548449535434534,0.5294117647058824,False,12005,1.2726056243612283,-0.1927372379470609,-0.7114018373135576,29.0
"squeeze[bb_length=30, kc_length=14, kc_mult=2.0]",squeeze,"bb_length=30, kc_length=14, kc_mult=2.0",1h,1,34,0.10030050221110155,2.7824323256859023,0.5,True,18314,0.17992711483597895,0.0810529425807777,0.01795822139211726,12.0
"squeeze[bb_length=30, kc_length=14, kc_mult=2.0]",squeeze,"bb_length=30, kc_length=14, kc_mult=2.0",1h,3,34,0.30849097878290677,23.936554287457685,0.47058823529411764,False,18314,0.34816164438663216,-0.13496016796699256,0.7447153749229531,4.0
"squeeze[bb_length=30, kc_length=14, kc_mult=2.0]",squeeze,"bb_length=30, kc_length=14, kc_mult=2.0",1h,6,34,0.10253903754935227,11.67947739311409,0.5,False,18314,0.11252141537619752,-0.4964356655818818,0.7484341198188107,19.0
"squeeze[bb_length=30, kc_length=14, kc_mult=2.0]",squeeze,"bb_length=30, kc_length=14, kc_mult=2.0",1h,12,34,-0.34989567144149175,-29.005839262506377,0.47058823529411764,False,18314,-0.23907888304939753,-1.192774498140259,0.4332092130174292,65.0
"squeeze[bb_length=30, kc_length=14, kc_mult=2.0]",squeeze,"bb_length=30, kc_length=14, kc_mult=2.0",1h,24,34,-1.2161724938777478,-88.4740744526415,0.4411764705882353,False,18314,-1.5958489387520098,-2.313709629926296,0.4846977341121958,64.0
"squeeze[bb_length=30, kc_length=14, kc_mult=2.0]",squeeze,"bb_length=30, kc_length=14, kc_mult=2.0",1h,48,33,-0.0776764979892053,3.4583236417278513,0.5454545454545454,False,18314,0.2539104925848263,-2.065179801851426,1.7106727475703996,54.0
"squeeze[bb_length=30, kc_length=20, kc_mult=1.0]",squeeze,"bb_length=30, kc_length=20, kc_mult=1.0",1h,1,12,0.16311910553914885,18.69079103473642,0.5833333333333334,False,616,-0.4266472122022767,0.3739584355846719,0.028065173032806423,4.0
"squeeze[bb_length=30, kc_length=20, kc_mult=1.0]",squeeze,"bb_length=30, kc_length=20, kc_mult=1.0",1h,3,12,0.7335680068048068,76.14792799839628,0.75,False,616,-0.9866385657736575,1.4535218718239193,0.21366468329756422,1.0
"squeeze[bb_length=30, kc_length=20, kc_mult=1.0]",squeeze,"bb_length=30, kc_length=20, kc_mult=1.0",1h,6,12,1.196567388220128,116.40105232988806,0.8333333333333334,False,616,-1.1087693700266117,1.7642129739535888,0.9764600369893234,1.0
"squeeze[bb_length=30, kc_length=20, kc_mult=1.0]",squeeze,"bb_length=30, kc_length=20, kc_mult=1.0",1h,12,12,1.2866518238671694,96.27031780507657,0.6666666666666666,False,616,-1.2364392926140557,2.3361625278886025,0.531857202337694,1.0
"squeeze[bb_length=30, kc_length=20, kc_mult=1.0]",squeeze,"bb_length=30, kc_length=20, kc_mult=1.0",1h,24,12,2.0440575881628136,190.0191611751254,0.6666666666666666,False,616,-2.6622894121779446,4.159804332223328,0.4464308953583475,1.0
"squeeze[bb_length=30, kc_length=20, kc_mult=1.0]",squeeze,"bb_length=30, kc_length=20, kc_mult=1.0",1h,48,12,2.023312767442507,208.37119541822474,0.6666666666666666,False,616,-5.059106445642335,4.445001378598607,0.5337702766721546,1.0
"squeeze[bb_length=30, kc_length=20, kc_mult=1.5]",squeeze,"bb_length=30, kc_length=20, kc_mult=1.5",1h,1,64,0.03539324948850733,-2.8341107141265267,0.484375,False,6601,0.13198248479229718,0.10892337106386,-0.22122698043823377,23.0
"squeeze[bb_length=30, kc_length=20, kc_mult=1.5]",squeeze,"bb_length=30, kc_length=20, kc_mult=1.5",1h,3,64,0.14109455544890145,9.690444645480532,0.546875,False,6601,0.12652228599054907,0.5455855369200181,-0.4175920593871531,14.0
"squeeze[bb_length=30, kc_length=20, kc_mult=1.5]",squeeze,"bb_length=30, kc_length=20, kc_mult=1.5",1h,6,64,0.04545920133837977,-5.162229108231813,0.46875,False,6601,0.1778396519410322,0.21076089819122626,-0.3990064419542316,24.0
"squeeze[bb_length=30, kc_length=20, kc_mult=1.5]",squeeze,"bb_length=30, kc_length=20, kc_mult=1.5",1h,12,64,0.06420285468936049,-8.62062019520674,0.5625,False,6601,-0.0023815317176275543,0.558183654387826,-0.5418564411162647,30.0
"squeeze[bb_length=30, kc_length=20, kc_mult=1.5]",squeeze,"bb_length=30, kc_length=20, kc_mult=1.5",1h,24,64,0.11943644307059575,-3.2799768131539366,0.578125,False,6601,-0.7909936826551665,1.2925715387156786,-0.14439818547270755,24.0
"squeeze[bb_length=30, kc_length=20, kc_mult=1.5]",squeeze,"bb_length=30, kc_length=20, kc_mult=1.5",1h,48,64,0.18106328579957195,-0.94325312428073,0.484375,False,6601,-0.3206275121063334,0.7609447404696291,0.1313755664393419,33.0
"squeeze[bb_length=30, kc_length=20, kc_mult=2.0]",squeeze,"bb_length=30, kc_length=20, kc_mult=2.0",1h,1,89,0.09509997109650785,7.987162916102703,0.5393258426966292,False,11438,0.22587678693380825,0.10055816199192343,-0.0356835043060251,13.0
"squeeze[bb_length=30, kc_length=20, kc_mult=2.0]",squeeze,"bb_length=30, kc_length=20, kc_mult=2.0",1h,3,89,0.2579214781826412,21.139794957996543,0.5280898876404494,True,11438,0.12259422635348635,0.20135267644535979,0.4302888509168143,5.0
"squeeze[bb_length=30, kc_length=20, kc_mult=2.0]",squeeze,"bb_length=30, kc_length=20, kc_mult=2.0",1h,6,89,0.4086684113406879,33.91546285830294,0.5168539325842697,True,11438,0.297329644871019,0.6876672886228087,0.31372500140912746,5.0
"squeeze[bb_length=30, kc_length=20, kc_mult=2.0]",squeeze,"bb_length=30, kc_length=20, kc_mult=2.0",1h,12,89,0.30320317361314403,18.227678664207996,0.4943820224719101,False,11438,0.4524492696295034,0.772858749525457,-0.18308800500561379,11.0
"squeeze[bb_length=30, kc_length=20, kc_mult=2.0]",squeeze,"bb_length=30, kc_length=20, kc_mult=2.0",1h,24,89,0.4683109440406002,31.275402796010443,0.5730337078651685,True,11438,0.634119064647617,0.8026158099195996,0.06439650038846294,8.0
"squeeze[bb_length=30, kc_length=20, kc_mult=2.0]",squeeze,"bb_length=30, kc_length=20, kc_mult=2.0",1h,48,89,1.118634566987491,66.40429345428221,0.6179775280898876,False,11438,2.091147833292821,1.4519172480692948,-0.0667960047620191,3.0
"squeeze[bb_length=30, kc_length=30, kc_mult=1.0]",squeeze,"bb_length=30, kc_length=30, kc_mult=1.0",1h,1,81,0.10486792597301782,11.221707322553527,0.5432098765432098,True,0,0.019489221367722364,0.18981041571649715,0.015518992234143759,10.0
"squeeze[bb_length=30, kc_length=30, kc_mult=1.0]",squeeze,"bb_length=30, kc_length=30, kc_mult=1.0",1h,3,81,0.1515176447739415,17.331384316544398,0.5185185185185185,False,0,-0.05143378718760491,0.43708925796809944,-0.2626325438051706,11.0
"squeeze[bb_length=30, kc_length=30, kc_mult=1.0]",squeeze,"bb_length=30, kc_length=30, kc_mult=1.0",1h,6,81,0.055209658331507414,7.424067753594316,0.48148148148148145,False,0,-0.18712039555262144,0.415474501346535,-0.48580606662620823,23.0
"squeeze[bb_length=30, kc_length=30, kc_mult=1.0]",squeeze,"bb_length=30, kc_length=30, kc_mult=1.0",1h,12,81,0.0015461618782216648,0.13517250333528685,0.4567901234567901,False,0,0.06663937382625441,0.22487012255427724,-0.6251259712113687,43.0
"squeeze[bb_length=30, kc_length=30, kc_mult=1.0]",squeeze,"bb_length=30, kc_length=30, kc_mult=1.0",1h,24,81,0.18498669991439484,7.900973609957943,0.49382716049382713,False,0,-0.2667830859240853,0.5810287079015912,-0.15895549144972324,20.0
"squeeze[bb_length=30, kc_length=30, kc_mult=1.0]",squeeze,"bb_length=30, kc_length=30, kc_mult=1.0",1h,48,81,0.37814683452984527,25.537204664620226,0.5432098765432098,False,0,-0.6777699685426691,1.1365063328444212,-0.022244516071906643,22.0
"squeeze[bb_length=30, kc_length=30, kc_mult=1.5]",squeeze,"bb_length=30, kc_length=30, kc_mult=1.5",1h,1,591,0.02040358264503279,0.40970260377264367,0.47715736040609136,False,0,0.08731818999974054,-0.03751451990403733,0.015255142070881479,33.0
"squeeze[bb_length=30, kc_length=30, kc_mult=1.5]",squeeze,"bb_length=30, kc_length=30, kc_mult=1.5",1h,3,591,0.02334768211989448,0.4014604981385976,0.48392554991539766,False,0,0.10214472780333404,-0.02866306993888253,-0.0010953612401648734,30.0
"squeeze[bb_length=30, kc_length=30, kc_mult=1.5]",squeeze,"bb_length=30, kc_length=30, kc_mult=1.5",1h,6,591,0.01835189413596272,-0.8561991280550982,0.47715736040609136,False,0,0.07262087008879604,-0.07274925067675361,0.06426822453550383,32.0
"squeeze[bb_length=30, kc_length=30, kc_mult=1.5]",squeeze,"bb_length=30, kc_length=30, kc_mult=1.5",1h,12,591,0.03889054958520682,-3.876387430769063,0.4754653130287648,False,0,0.17998971762726262,0.000163610447324372,-0.06663798942715876,34.0
"squeeze[bb_length=30, kc_length=30, kc_mult=1.5]",squeeze,"bb_length=30, kc_length=30, kc_mult=1.5",1h,24,590,0.08888365610125755,-6.830401094463015,0.46271186440677964,False,0,0.3481935231457782,-0.008174390293847478,-0.07619527494819704,27.0
"squeeze[bb_length=30, kc_length=30, kc_mult=1.5]",squeeze,"bb_length=30, kc_length=30, kc_mult=1.5",1h,48,586,0.34438099606561934,18.474881972473362,0.5136518771331058,False,0,0.836225407323553,-0.05244326542074499,0.2761758314022916,26.0
"squeeze[bb_length=30, kc_length=30, kc_mult=2.0]",squeeze,"bb_length=30, kc_length=30, kc_mult=2.0",1h,1,798,-0.002059636010467959,-0.08820928926384045,0.4523809523809524,False,0,0.020622343933001126,-0.00852747264236062,-0.018878081101696784,53.0
"squeeze[bb_length=30, kc_length=30, kc_mult=2.0]",squeeze,"bb_length=30, kc_length=30, kc_mult=2.0",1h,3,798,-0.029522634551321716,-2.88862844977474,0.45614035087719296,True,0,-0.022219017839240445,-0.05121008627299245,-0.01691325944865105,56.0
"squeeze[bb_length=30, kc_length=30, kc_mult=2.0]",squeeze,"bb_length=30, kc_length=30, kc_mult=2.0",1h,6,798,-0.09352682769371236,-10.191798683263885,0.44360902255639095,True,0,-0.008872610143495694,-0.09724224854074898,-0.17507512430965805,58.0
"squeeze[bb_length=30, kc_length=30, kc_mult=2.0]",squeeze,"bb_length=30, kc_length=30, kc_mult=2.0",1h,12,796,-0.11271045956524724,-19.30274344616968,0.45979899497487436,False,0,0.18393798507965628,-0.18763618147599495,-0.342674589546926,60.0
"squeeze[bb_length=30, kc_length=30, kc_mult=2.0]",squeeze,"bb_length=30, kc_length=30, kc_mult=2.0",1h,24,795,-0.13089558298500492,-25.447319250894815,0.4742138364779874,False,0,0.23418911960273256,-0.4156640551732624,-0.23558678062981353,53.0
"squeeze[bb_length=30, kc_length=30, kc_mult=2.0]",squeeze,"bb_length=30, kc_length=30, kc_mult=2.0",1h,48,795,0.1555425827701434,-0.7426578047453719,0.5169811320754717,False,0,0.6005419723762813,0.07308859849309937,-0.2153079219843224,35.0
